TPL_names,invasion.status.2022,bg_num,chklst_prov_num,wcup_eco_use_AF,wcup_eco_use_EU,wcup_eco_use_FU,wcup_eco_use_GS,wcup_eco_use_HF,wcup_eco_use_IF,wcup_eco_use_MA,wcup_eco_use_ME,wcup_eco_use_PO,wcup_eco_use_SU,wcup_eco_use_num,hab_suit_mean,X1,X2,X3,X4,X5,X6,X7,X8,X9,no.NativeRange.level03,lf_short.herb,lf_long.herb,lf_woody,prop_type.seed.v2,prop_type.veg.v2,prop_type.both.v2,max.height.new2023,pd.mean.to_native,pd.min.to_native,pd.wmean.to_native
Coreopsis basalis,0,11,10,0,1,0,0,0,0,0,0,0,0,1,0.164,0,0,0,0,0,0,1,0,0,10,1,0,0,1,0,0,0.9,229.5158211,10.052647,42.828
Oenothera oakesiana,1,0,0,0,0,0,0,0,0,0,0,0,0,0,0.149,0,0,0,0,0,0,1,0,0,14,1,0,0,1,1,1,0.9,253.7687882,36.167,47.261
Mimosa diplotricha var. inermis,1,4,4,0,0,0,0,0,0,0,0,0,0,0,NA,0,0,0,0,0,0,1,1,0,27,0,1,0,1,0,0,0.3,249.0431547,48.335186,46.36
Nothoscordum gracile,1,1,1,0,1,0,0,0,0,0,0,0,0,1,0.246,0,0,0,0,0,0,1,1,0,16,0,1,0,1,1,1,0.9,264.1378483,64.015641,49.107
Acacia longifolia,0,3,2,0,1,0,1,1,0,1,1,0,0,5,0.119,0,0,0,0,1,0,0,0,0,2,0,0,1,1,1,1,10,249.0352254,19.343535,46.358
Stylosanthes guianensis,1,5,6,1,1,0,0,0,0,0,0,1,0,3,0.121,0,0,0,0,0,0,1,1,0,28,0,0,1,1,0,0,1.8,249.9069188,169.526674,46.535
Hygrophila corymbosa,0,1,1,0,0,0,0,0,0,0,0,0,0,0,NA,0,0,0,1,0,0,0,0,0,2,0,1,0,0,1,0,0.3,231.6156873,7.532871,43.553
Delonix regia,0,16,12,1,1,1,0,1,1,1,1,1,0,8,0.127,0,1,0,0,0,0,0,0,0,1,0,0,1,1,1,1,25,249.0921568,57.680106,46.371
Cestrum elegans,0,10,9,0,1,0,0,0,0,0,0,0,0,1,0.201,0,0,0,0,0,0,1,0,0,4,0,0,1,1,1,1,4,238.7437387,75.163091,44.679
Senna surattensis,0,10,7,0,1,0,0,1,0,1,1,0,0,4,0.26,0,0,0,1,1,0,0,0,0,19,0,0,1,1,0,0,11,249.1043802,52.044744,46.373
Andrographis paniculata,0,10,10,0,0,0,0,0,0,0,1,0,0,1,0.25,0,0,0,1,0,0,0,0,0,4,1,0,0,1,1,1,0.9,231.7508128,35.918453,43.573
Epiphyllum oxypetalum,0,21,14,0,1,0,0,1,0,0,1,1,0,4,0.27,0,0,0,0,0,0,1,1,0,9,0,0,1,1,1,1,6,252.6770641,57.606334,47.087
Mimosa bimucronata,1,4,4,0,1,1,0,0,0,0,0,0,0,2,0.148,0,0,0,0,0,0,0,1,0,8,0,0,1,1,0,0,12,249.0431547,48.335186,46.36
Macroptilium atropurpureum,1,2,4,1,1,0,0,0,0,0,1,0,0,3,0.145,0,0,0,0,0,0,1,1,0,20,0,1,0,1,0,0,1.219,246.9340048,17.808244,45.931
Heliotropium procumbens,0,1,1,0,0,0,0,0,0,0,1,0,0,1,0.185,0,0,0,0,0,0,1,1,0,37,0,0,1,1,0,0,0.3,238.6062443,32.99576,44.692
Spermacoce eryngioides,0,0,1,0,0,0,0,0,0,0,0,0,0,0,0.151,0,0,0,0,0,0,0,1,0,14,0,0,1,NA,NA,NA,0.3,235.834017,13.729388,44.172
Cleome houtteana,0,18,17,0,1,0,0,0,0,0,1,0,0,2,0.203,0,0,0,0,0,0,0,1,0,9,0,0,1,1,0,0,2,251.3847662,60.165335,46.791
Senna sulfurea,0,15,11,0,1,0,0,0,0,1,1,0,0,3,0.209,0,0,0,1,1,0,0,0,0,13,0,0,1,1,1,1,11,249.1043812,52.044745,46.373
Elsholtzia communis,0,1,1,0,0,0,0,0,0,0,0,0,0,0,NA,0,0,0,1,0,0,0,0,0,3,0,1,0,1,1,1,0.6,230.6563965,4.954644,43.389
Gymnocoronis spilanthoides,1,1,1,0,1,0,0,0,0,0,0,0,0,1,0.202,0,0,0,0,0,0,0,1,0,11,0,1,0,1,1,1,2.5,229.5029034,7.695363,42.826
Stellaria pallida,1,1,1,0,0,0,0,0,0,0,0,0,0,0,0.15,1,1,1,0,0,0,0,0,0,29,0,1,0,1,0,0,0.5,251.4511637,1.398122,46.816
Bryophyllum delagoense,1,17,13,0,1,0,0,0,0,0,0,1,0,2,0.144,0,1,0,0,0,0,0,0,0,1,0,0,1,1,1,1,2,254.7838286,27.6567463,47.529
Sagittaria platyphylla,0,1,1,0,0,0,0,0,0,0,0,0,0,0,0.225,0,0,0,0,0,0,1,1,0,18,0,1,0,1,1,1,1.5,272.321688,29.496764,50.66
Eucalyptus globulus subsp. maidenii,0,4,4,0,0,0,0,0,0,0,0,0,0,0,0.149,0,0,0,0,1,0,0,0,0,2,0,0,1,1,1,1,50,253.7385652,71.986783,47.297
Ruellia squarrosa,0,1,1,0,0,0,0,0,0,0,0,0,0,0,NA,0,0,0,0,0,0,1,0,0,3,0,0,1,1,1,1,0.45,231.6341139,18.246546,43.556
Gnaphalium calviceps,0,0,0,0,0,0,0,0,0,0,1,0,0,1,0.188,0,0,0,0,0,0,1,1,0,17,1,0,0,NA,NA,NA,0.4,229.3839795,9.994756,42.804
Brachiaria mutica,1,2,2,1,1,0,0,0,0,0,1,0,1,4,0.141,0,1,1,0,0,0,0,0,0,29,0,1,0,1,0,0,2.5,256.0625212,13.240177,47.208
Senna didymobotrya,0,1,3,1,1,1,0,1,0,1,1,1,0,7,0.159,0,1,0,0,0,0,0,0,0,13,0,0,1,1,1,1,5,249.1047758,61.738009,46.373
Abutilon pictum,0,12,10,0,1,0,0,0,0,1,1,0,0,3,0.195,0,0,0,0,0,0,0,1,0,5,0,0,1,1,1,1,5,251.757572,19.82881,46.924
Neonotonia wightii,0,1,2,1,1,0,1,1,1,1,1,0,0,7,0.115,0,1,1,1,0,0,0,0,0,37,0,1,0,1,1,1,0.762,246.9244455,26.193683,45.927
Oldenlandiopsis callitrichoides,0,0,1,0,0,0,0,0,0,0,0,0,0,0,NA,0,0,0,0,0,0,1,1,0,16,0,0,1,1,1,1,0.5,236.5797731,99.499016,44.312
Hylocereus undatus,0,20,14,0,1,0,1,1,0,0,1,0,0,4,0.126,0,0,0,0,0,0,0,1,0,1,0,0,1,1,1,1,15,252.6770651,57.606335,47.087
Hylocereus trigonus,0,3,4,0,1,0,1,1,0,0,0,0,0,3,NA,0,0,0,0,0,0,0,1,0,8,0,0,1,1,1,1,12,252.6770651,57.606335,47.087
Brachiaria brizantha,0,3,5,1,1,0,0,1,1,0,1,0,0,5,0.156,0,1,1,0,0,0,0,0,0,39,0,1,0,1,1,1,2,256.0622368,11.829842,47.208
Limnobium laevigatum,0,0,0,0,0,0,0,0,0,0,0,0,0,0,0.266,0,0,0,0,0,0,1,1,0,25,0,1,0,1,1,1,1.2,272.2949913,20.571274,50.655
Brugmansia suaveolens,0,10,9,1,1,0,0,0,0,1,1,1,1,6,0.18,0,1,0,0,0,0,0,1,0,5,0,0,1,1,1,1,6,238.6663476,37.546427,44.658
Micranthemum umbrosum,0,1,2,0,0,0,0,0,0,0,0,0,0,0,0.24,0,0,0,0,0,0,1,1,0,42,0,1,0,0,1,0,3,232.7957169,97.238497,43.743
Desmodium uncinatum,0,0,0,1,0,0,0,0,0,0,1,0,0,2,0.131,0,0,0,0,0,0,1,1,0,26,0,0,1,1,1,1,1,246.8457919,16.030261,45.906
Porophyllum ruderale,0,0,0,0,0,0,0,1,0,1,1,0,0,3,0.159,0,0,0,0,0,0,0,1,0,34,0,1,0,1,0,0,3,229.5144614,25.758891,42.829
Pluchea carolinensis,1,0,0,0,0,0,0,0,0,0,1,0,0,1,0.136,0,0,0,0,0,0,1,1,0,33,0,0,1,1,0,0,5,229.5138976,4.349416,42.83
Talinum paniculatum,1,19,16,0,1,0,1,1,0,0,1,0,0,4,0.238,0,0,0,0,0,0,1,1,0,48,0,0,1,1,1,1,1.5,252.677662,66.633363,47.087
Merremia dissecta,0,1,1,0,1,0,0,0,0,1,1,1,0,4,0.161,0,0,0,0,0,0,1,1,0,43,0,1,0,1,0,0,8,238.5445382,14.995143,44.643
Cuphea carthagenensis,1,3,5,0,0,1,0,0,0,0,1,0,0,2,0.199,0,0,0,0,0,0,1,1,0,32,0,1,0,1,0,0,0.8,253.8712769,71.701254,47.297
Callisia repens,1,6,7,0,1,0,0,0,0,0,1,0,0,2,0.178,0,0,0,0,0,0,1,1,0,36,0,0,1,0,1,0,0.3,264.6412147,47.934553,49.156
Tinantia erecta,1,0,0,0,0,0,0,0,0,0,1,0,0,1,0.178,0,0,0,0,0,0,1,1,0,24,1,0,0,1,1,1,1,264.6412147,47.934553,49.156
Sechium edule,0,16,13,1,1,0,1,1,0,1,1,0,0,6,0.247,0,0,0,0,0,0,1,1,0,7,0,1,0,1,0,0,15,251.0339698,37.318512,46.833
Pseudelephantopus spicatus,1,0,0,0,0,0,0,0,0,0,1,0,0,1,0.133,0,0,0,0,0,0,1,1,0,32,0,1,0,1,0,0,1,230.1785132,23.754813,42.97
Crassocephalum rubens,1,0,0,0,0,0,0,1,0,1,1,1,0,4,0.099,0,1,1,0,0,0,0,0,0,37,1,0,0,1,0,0,1.5,229.125281,12.2173,42.766
Soliva sessilis,0,0,0,0,0,0,0,0,0,0,0,1,0,1,0.25,0,0,0,0,0,0,0,1,0,11,1,0,0,1,0,0,0.25,229.161179,16.349003,42.754
Soliva anthemifolia,1,8,6,0,0,0,0,0,0,0,0,0,0,0,0.218,0,0,0,0,0,0,0,1,0,8,1,0,0,1,1,1,0.3,229.161179,16.349003,42.754
Opuntia dillenii,1,12,12,1,1,0,0,1,0,1,1,0,1,6,0.164,0,0,0,0,0,0,1,1,0,19,0,0,1,1,1,1,3,252.6770651,57.606335,47.087
Pyrostegia venusta,0,15,12,0,1,0,0,0,0,1,1,0,0,3,0.134,0,0,0,0,0,0,1,1,0,24,0,1,0,1,1,1,12,232.0250433,37.194631,43.615
Hypochaeris chillensis,0,0,0,0,0,0,0,0,0,0,0,0,0,0,0.233,0,0,0,0,0,0,0,1,0,11,0,1,0,1,0,0,0.6,229.764932,10.610792,42.897
Acmella ciliata,0,0,0,0,0,0,0,0,0,0,1,0,0,1,0.111,0,0,0,0,0,0,0,1,0,13,0,1,0,1,0,0,0.8,229.5172505,1.473778,42.829
Ipomoea trifida,0,0,0,0,0,0,1,0,0,0,0,0,0,1,0.181,0,0,0,0,0,0,1,1,0,17,1,0,0,1,0,0,7,238.5311765,16.42898,44.641
Asparagus densiflorus,0,17,13,0,1,0,1,0,0,0,1,0,0,3,0.199,0,1,0,0,0,0,0,0,0,5,0,0,1,1,1,1,1,263.9662359,0.756434,49.083
Asparagus setaceus,0,23,15,1,1,0,1,1,0,0,1,1,0,6,0.171,0,1,0,0,0,0,0,0,0,15,0,0,1,1,1,1,6,263.9668,7.09967,49.084
Spermacoce exilis,0,0,0,0,0,0,0,0,0,0,0,0,0,0,0.114,0,0,0,0,0,0,1,1,0,31,0,1,0,1,0,0,0.4,235.8339828,12.724899,44.172
Senna corymbosa,0,3,4,0,1,0,0,0,0,0,1,0,0,2,0.228,0,0,0,0,0,0,0,1,0,7,0,0,1,1,1,1,4,249.1043812,52.044745,46.373
Pluchea sagittalis,1,2,2,0,0,0,0,0,0,0,1,0,0,1,0.134,0,0,0,0,0,0,1,1,0,16,0,1,0,1,0,0,2,229.5139312,4.859673,42.83
Leucaena leucocephala,1,18,13,1,1,1,1,1,1,1,1,1,1,10,0.164,0,0,0,0,0,0,1,1,0,9,0,0,1,1,0,0,12,249.0464754,57.630891,46.361
Senna siamea,0,12,10,1,1,1,1,1,1,1,1,1,0,9,0.1,0,0,0,1,0,0,0,0,0,5,0,0,1,1,1,1,30,249.1044253,53.379448,46.373
Bryophyllum pinnatum,1,19,13,1,1,0,0,0,0,0,1,1,1,5,0.11,0,1,0,0,0,1,0,0,0,2,0,0,1,1,1,1,2,254.7838315,27.68603441,47.529
Macrotyloma uniflorum,0,0,1,1,1,0,1,1,0,0,1,0,0,5,0.162,0,1,0,1,0,0,0,0,0,25,0,1,0,1,0,0,4.7,246.9360751,23.811829,45.931
Hippeastrum vittatum,0,16,13,0,0,0,1,0,0,0,1,0,0,2,NA,0,0,0,0,0,0,0,1,0,3,0,1,0,1,1,1,1,264.315799,29.569795,49.143
Erigeron speciosus,0,0,1,0,1,0,0,0,0,0,1,0,0,2,0.214,0,0,0,0,0,0,1,0,0,14,0,0,1,1,1,1,0.9,229.0721258,0.917726,42.745
Zephyranthes candida,0,21,16,0,1,0,0,0,0,1,1,0,0,3,0.287,0,0,0,0,0,0,0,1,0,5,0,1,0,1,1,1,0.45,264.315799,29.569795,49.143
Callisia fragrans,0,3,3,0,1,0,0,0,0,0,1,0,0,2,0.16,0,0,0,0,0,0,1,0,0,5,0,0,1,0,1,0,1.5,264.6412147,47.934553,49.156
Erechtites valerianifolius,1,2,2,0,0,0,0,1,0,0,1,0,0,2,0.141,0,0,0,0,0,0,1,1,0,30,1,0,0,1,0,0,1,229.125282,12.217301,42.766
Artabotrys hexapetalus,0,17,14,0,1,0,0,0,0,1,1,0,0,3,0.11,0,0,0,1,0,0,0,0,0,8,0,0,1,1,1,1,10,273.8457297,7.547478,51.039
Cordyline fruticosa,0,22,16,1,1,1,1,1,1,1,1,0,1,9,0.141,0,0,0,1,1,1,0,0,0,11,0,0,1,1,1,1,5,264.0767548,69.268631,49.105
Dolichandra unguis-cati,1,11,9,0,1,0,0,0,0,1,1,0,0,3,0.23,0,0,0,0,0,0,1,1,0,41,0,1,0,0,1,0,9,232.0250423,37.19463,43.615
Rapistrum rugosum,0,0,1,1,0,0,1,1,0,0,0,1,0,4,0.202,1,1,1,0,0,0,0,0,0,40,1,0,0,1,0,0,1.8,250.9211471,43.699975,46.691
Lindernia rotundifolia,0,0,0,0,0,0,0,0,0,0,0,0,0,0,0.14,0,1,0,1,0,0,0,1,0,20,1,0,0,1,1,1,0.2,232.1856203,40.282286,43.64
Albizia lebbeck,1,10,8,1,1,1,0,1,0,1,1,1,0,7,0.14,0,0,0,1,0,0,0,0,0,10,0,0,1,1,0,0,30,249.0383698,51.021436,46.359
Herissantia crispa,1,0,0,0,1,0,0,0,0,1,1,0,0,3,0.179,0,0,0,0,0,0,1,1,0,42,0,0,1,1,0,0,1.5,251.926636,76.722266,46.954
Limnocharis flava,1,6,6,1,1,0,0,1,0,0,0,0,0,3,0.13,0,0,0,0,0,0,1,1,0,24,0,1,0,1,1,1,1.1,272.3331339,59.956154,50.664
Aloe vera,0,24,16,0,1,0,1,1,0,1,1,1,1,7,0.18,0,1,1,0,0,0,0,0,0,3,0,0,1,1,1,1,1,264.5747721,46.469783,49.188
Gnaphalium purpureum,0,0,0,0,0,0,0,0,0,0,1,0,0,1,0.29,0,0,0,0,0,0,1,1,0,69,1,0,0,1,0,0,0.6,229.3808171,6.459703,42.803
Amberboa moschata,0,3,6,0,1,0,0,0,0,0,0,0,0,1,NA,0,0,1,0,0,0,0,0,0,3,1,0,0,1,0,0,0.9,232.6934357,45.259634,43.451
Aubrieta deltoidea,0,3,3,0,1,0,1,0,0,0,0,0,0,2,0.217,1,0,1,0,0,0,0,0,0,7,0,1,0,1,1,1,0.5,250.8830106,36.576301,46.683
Bidens pilosa,1,16,11,1,1,0,1,1,1,1,1,0,1,8,0.26,0,0,0,0,0,0,1,1,0,62,0,1,0,1,1,1,2.5,229.515649,7.471714,42.828
Canavalia ensiformis,0,10,15,1,1,0,0,1,0,1,1,1,0,6,0.16,0,0,0,0,0,0,1,1,0,32,0,1,0,1,0,0,2,247.1078093,0.860706,45.974
Conoclinium coelestinum,0,4,3,0,0,0,0,0,0,0,0,0,0,0,0.21,0,0,0,0,0,0,1,1,0,28,0,1,0,1,1,1,1,232.694932,90.519268,43.451
Diplotaxis muralis,0,0,1,0,0,0,1,1,0,0,1,0,0,3,0.186,1,1,1,0,1,0,0,0,0,37,1,0,0,1,1,1,0.6,250.9212508,44.756100000000004,46.691
Mitracarpus hirtus,1,0,0,1,1,0,0,0,0,0,1,1,1,5,0.172,0,0,0,0,0,0,1,1,0,38,1,0,0,1,0,0,1,235.8339991,13.187922,44.172
Glebionis coronaria,0,10,18,0,1,0,1,1,0,1,1,0,0,5,0.223,1,1,1,0,0,0,0,0,0,30,0,1,0,1,0,0,0.9,228.9082722,4.603165,42.694
Laportea aestuans,0,0,0,1,0,0,1,1,0,1,1,1,1,7,0.111,0,1,1,1,0,0,0,1,0,75,0,1,0,1,0,0,1.3,248.78739529999999,66.702632,46.315
Nuttallanthus canadensis,0,1,1,0,1,0,0,0,0,0,0,0,0,1,0.297,0,0,0,0,0,0,1,1,0,62,1,0,0,1,1,1,0.7,232.7987401,102.320532,43.744
Clidemia hirta,1,1,1,0,0,0,0,0,0,0,0,0,0,0,0.09,0,0,0,0,0,0,1,1,0,15,0,0,1,1,0,0,9,253.6276582,58.509943,47.279
Lobularia maritima,0,8,8,0,1,0,0,1,0,0,1,0,0,3,0.238,1,1,1,0,0,0,0,0,0,15,0,1,0,1,1,1,0.4,250.9476609,39.248888,46.696
Ludwigia palustris,0,1,1,0,1,0,0,0,0,0,0,0,0,1,0.313,1,1,1,0,0,0,1,1,0,80,0,1,0,1,1,1,0.6,253.8648694,37.735553,47.288
Glebionis segetum,0,8,9,0,1,0,0,1,0,0,1,0,0,3,0.172,1,1,1,0,1,0,0,0,0,49,0,1,0,1,0,0,0.7,228.9082722,4.603165,42.694
Catharanthus roseus,1,21,16,1,1,0,1,1,0,1,1,1,0,7,0.236,0,1,0,0,0,0,0,0,0,1,0,0,1,1,1,1,1.5,236.0654124,26.681507,44.207
Hippobroma longiflora,1,3,3,0,0,0,0,0,0,0,1,1,0,2,0.123,0,0,0,0,0,0,0,1,0,1,0,0,1,1,1,1,1.8,238.9958364,26.417177,44.655
Nicandra physalodes,1,13,11,0,1,0,1,1,0,0,1,1,0,5,0.23,0,0,0,0,0,0,0,1,0,5,1,0,0,1,0,0,3,238.6679242,38.738663,44.658
Silybum marianum,1,17,14,0,0,0,0,1,1,0,1,1,0,4,0.225,1,1,1,1,0,0,0,0,0,60,1,0,0,1,0,0,2.5,229.9357756,7.046245,42.927
Synedrella nodiflora,1,6,6,1,0,0,1,1,0,1,1,0,1,6,0.124,0,0,0,0,0,0,1,1,0,41,0,1,0,1,0,0,2,229.5176381,12.607026,42.829
Malvastrum coromandelianum,1,8,7,1,0,0,0,0,0,1,1,0,0,3,0.21,0,0,0,0,0,0,1,1,0,42,0,0,1,1,1,1,1.5,251.7615841,19.120643,46.925
Chamaecrista mimosoides,1,10,9,1,1,0,0,1,0,1,1,0,1,6,0.126,0,1,1,1,1,0,0,0,0,69,0,0,1,1,1,1,1.6,249.1028193,4.80169,46.373
Echinodorus cordifolius,0,0,0,0,1,0,0,0,0,0,0,0,0,1,0.258,0,0,0,0,0,0,1,1,0,25,0,1,0,1,1,1,1,272.3303994,67.135885,50.663
Jacquemontia tamnifolia,1,0,2,1,1,0,1,1,0,1,1,1,0,7,0.185,0,1,0,0,0,0,1,1,0,74,0,0,1,1,0,0,5,238.7128563,20.005647,44.678
Senna hirsuta,1,2,3,0,1,0,0,1,0,0,1,1,0,4,0.176,0,0,0,0,0,0,1,1,0,31,0,0,1,1,0,0,3,249.1043812,52.044745,46.373
Senna obtusifolia,0,4,5,1,1,0,1,1,0,1,1,1,1,8,0.21,0,0,0,0,0,0,1,1,0,42,0,0,1,1,1,1,2,249.1043812,52.044745,46.373
Sonchus asper,1,4,5,0,0,0,1,1,0,1,1,0,0,4,0.293,1,1,1,1,0,0,0,0,0,83,0,1,0,1,0,0,2.2,229.7997947,6.266257,42.902
Medicago arabica,0,1,1,1,0,0,0,0,0,0,0,0,0,1,0.215,1,1,1,0,0,0,0,0,0,35,0,1,0,1,0,0,0.65,246.027391,19.498412,45.773
Cajanus cajan,1,12,12,1,1,1,1,1,1,1,1,1,0,9,0.132,0,0,0,1,0,0,0,0,0,3,0,0,1,1,1,1,4.7,246.9005884,3.009805,45.926
Swietenia mahagoni,0,12,8,0,1,1,0,1,0,1,1,1,0,6,0.141,0,0,0,0,0,0,1,1,0,8,0,0,1,1,0,0,25,252.6672215,52.170186,47.049
Talinum fruticosum,1,4,4,1,1,0,1,1,0,1,1,1,1,8,0.227,0,0,0,0,0,0,1,1,0,39,0,0,1,0,1,0,0.9,252.677662,66.633363,47.087
Rotala ramosior,0,1,1,0,0,0,0,0,0,0,0,0,0,0,0.341,0,0,0,0,0,0,1,1,0,40,1,0,0,1,1,1,0.55,253.8572865,44.172149,47.294
Peperomia pellucida,1,10,8,0,1,0,1,1,0,1,1,0,0,5,0.15,0,1,0,0,0,0,1,1,0,68,0,1,0,1,0,0,0.5,274.1855508,24.632372,51.107
Flaveria bidentis,1,0,0,0,0,0,0,0,0,0,1,0,0,1,0.16,0,0,0,0,0,0,0,1,0,15,1,0,0,1,0,0,1,229.5144614,25.758891,42.829
Tacca leontopetaloides,0,2,3,0,1,0,1,1,0,1,1,1,1,7,0.1,0,1,0,1,1,1,0,0,0,79,0,1,0,0,1,0,2,268.2798115,28.431802,49.896
Ipomoea batatas,0,20,25,1,1,0,1,1,0,1,1,1,1,8,0.233,0,0,0,0,0,0,1,0,0,4,0,1,0,1,1,1,5,238.5311765,16.42898,44.641
Valerianella locusta,0,0,3,0,0,0,1,1,0,0,1,0,0,3,0.188,1,1,1,0,0,0,0,0,0,44,1,0,0,1,0,0,0.45,240.2954975,33.478475,44.885
Pilea microphylla,1,14,8,0,1,0,0,0,0,0,1,0,0,2,0.203,0,0,0,0,0,0,1,1,0,37,0,0,1,1,1,1,0.5,248.6662659,31.85896,46.295
Senna occidentalis,1,18,13,0,1,0,0,1,0,0,1,1,0,4,0.213,0,0,0,0,0,0,1,1,0,45,0,0,1,1,0,0,2.5,249.1043812,52.044745,46.373
Alyssum alyssoides,0,0,0,0,1,0,0,0,0,0,1,0,0,2,0.181,1,1,1,0,0,0,0,0,0,40,1,0,0,1,0,0,0.5,250.9202642,12.58702,46.69
Evolvulus nummularius,0,1,1,0,0,0,0,0,0,0,1,0,0,1,0.173,0,0,0,0,0,0,1,1,0,41,0,0,1,1,1,1,0.5,238.7127358,22.517108,44.677
Malachra capitata,0,0,0,0,1,0,0,0,0,1,1,0,0,3,0.161,0,0,0,0,0,0,1,1,0,26,0,1,0,1,0,0,1.5,251.7551712,21.049575,46.924
Zinnia peruviana,1,4,6,1,1,0,0,0,0,0,1,0,0,3,0.167,0,0,0,0,0,0,1,1,0,23,1,0,0,1,0,0,0.9,232.694932,90.519268,43.451
Smallanthus uvedalia,1,0,0,0,0,0,0,0,0,0,1,0,0,1,0.233,0,0,0,0,0,0,1,0,0,29,0,1,0,1,1,1,3,229.5140534,11.889717,42.828
Digera muricata,0,0,0,1,0,0,1,1,0,0,1,0,0,4,0.26,0,1,1,1,0,0,0,0,0,27,1,0,0,1,1,1,0.7,251.723963,87.32265,46.875
Sesbania sesban,0,3,4,1,1,1,1,1,0,1,1,1,0,8,0.121,0,1,1,1,0,0,0,0,0,52,0,0,1,1,0,0,6,247.0168231,7.438978,45.967
Syzygium malaccense,0,4,5,1,1,1,0,1,0,1,1,0,0,6,0.112,0,0,0,1,1,1,0,0,0,11,0,0,1,1,1,1,25,253.6995314,42.906526,47.29
Cereus repandus,0,1,2,1,1,1,0,1,0,1,1,0,0,6,0.15,0,0,0,0,0,0,0,1,0,6,0,0,1,0,1,0,4.7,252.6770641,57.606334,47.087
Opuntia ficus-indica,1,14,12,1,1,1,1,1,0,1,1,0,1,8,0.089,0,0,0,0,0,0,1,1,0,6,0,0,1,1,1,1,6,252.6770641,57.606334,47.087
Abelmoschus esculentus,0,17,16,1,1,1,1,1,0,1,1,1,1,9,0.255,0,0,0,1,0,0,0,0,0,3,0,0,1,1,0,0,3,251.7525022,10.207844,46.923
Dysphania ambrosioides,1,18,13,1,0,0,1,1,0,1,1,1,1,7,0.29,0,0,0,0,0,0,1,1,1,46,0,0,1,1,0,0,1.5,251.6198302,6.350998,46.847
Triodanis perfoliata,1,1,1,0,0,0,0,0,0,0,1,0,0,1,0.335,0,0,0,0,0,0,1,1,0,69,1,0,0,1,0,0,1,239.0429389,91.180138,44.666
Arrhenatherum elatius,0,7,8,1,1,0,0,0,0,0,1,0,0,3,0.197,1,1,1,0,0,0,0,0,0,56,0,1,0,1,1,1,2,255.5059224,18.298509,47.086
Lindernia dubia,0,0,0,0,0,0,0,0,0,0,0,0,0,0,0.344,0,0,0,0,0,0,1,1,0,84,1,0,0,0,1,0,0.34,232.1856203,40.282286,43.64
Erigeron annuus,1,11,10,0,0,0,0,0,0,0,1,0,0,1,0.251,0,0,0,0,0,0,1,1,0,53,0,1,0,1,1,1,1.5,229.072212,1.569866,42.745
Parthenocissus quinquefolia,1,7,10,0,1,0,0,0,0,1,1,1,0,4,0.243,0,0,0,0,0,0,1,1,0,51,0,1,0,1,1,1,30,255.3106051,56.967636,47.598
Sesbania grandiflora,0,9,8,1,1,1,0,1,0,1,1,0,1,7,0.183,0,0,0,1,0,1,0,0,0,10,0,0,1,1,1,1,10,247.0167828,6.219352,45.967
Euphorbia tithymaloides,0,18,12,0,1,0,0,0,0,1,1,1,0,4,0.156,0,0,0,0,0,0,1,1,0,35,0,0,1,0,1,0,3,251.8216337,26.387404,46.921
Hyptis pectinata,0,0,1,0,0,0,1,1,0,1,1,1,1,6,0.152,0,0,0,0,0,0,1,1,0,39,0,0,1,1,0,0,3,230.6137255,26.477102,43.385
Hyptis suaveolens,1,4,5,1,1,0,1,1,0,1,1,1,1,8,0.126,0,0,0,0,0,0,1,1,0,37,0,0,1,1,0,0,3,230.6137255,26.477102,43.385
Sphagneticola trilobata,1,6,6,0,1,0,0,0,0,0,1,1,0,3,0.143,0,0,0,0,0,0,1,1,0,25,0,1,0,1,1,1,2,229.5166781,2.59125,42.828
Leonotis nepetifolia,0,0,1,1,1,0,0,1,0,1,1,0,1,6,0.162,0,1,0,1,0,0,0,0,0,44,0,1,0,1,1,1,3,230.5942874,24.303119,43.382
Acmella oleracea,1,2,5,0,1,0,1,1,0,0,1,0,0,4,0.208,0,0,0,0,0,0,0,1,0,2,1,0,0,1,0,0,0.45,229.5172505,1.473778,42.829
Chromolaena odorata,1,7,7,1,1,0,0,1,0,1,1,1,0,6,0.152,0,0,0,0,0,0,1,1,0,42,0,0,1,1,0,0,7,229.5031923,9.4430789999999991,42.826
Erechtites hieraciifolius,1,5,4,0,0,0,0,1,0,0,1,0,0,2,0.191,0,0,0,1,0,0,1,1,0,85,1,0,0,1,0,0,3,229.125282,12.217301,42.766
Merremia tuberosa,1,2,2,0,1,0,0,0,0,0,1,1,0,3,0.113,0,0,0,0,0,0,1,1,0,20,0,0,1,1,1,1,20,238.5445372,14.995142,44.643
Ipomoea nil,1,21,14,1,1,0,0,1,0,1,1,1,1,7,0.257,0,0,0,0,0,0,1,1,0,41,0,1,0,1,1,1,9,238.5311765,16.42898,44.641
Ipomoea purpurea,1,17,16,0,1,0,1,1,1,1,1,1,0,7,0.335,0,0,0,1,1,0,1,1,0,30,1,0,0,1,1,1,12,238.5311765,16.42898,44.641
Senna alata,1,9,8,1,1,0,1,1,0,1,1,1,1,8,0.164,0,0,0,0,0,0,1,1,0,28,0,0,1,1,1,1,9,249.1035987,28.375806,46.373
Senna bicapsularis,1,11,9,1,1,1,0,1,0,1,1,1,0,7,0.14,0,0,0,0,0,0,0,1,0,25,0,0,1,1,0,0,5,249.1043812,52.044745,46.373
Senna sophera,1,6,8,0,1,0,0,1,0,0,1,0,0,3,0.182,0,0,0,0,0,0,1,1,0,19,0,0,1,1,0,0,3,249.1043812,52.044745,46.373
Anoda cristata,0,1,2,0,1,0,0,0,0,0,1,0,0,2,0.252,0,0,0,0,0,0,1,1,0,32,0,1,0,1,0,0,1.5,251.926636,76.722266,46.954
Argyranthemum frutescens,0,8,10,0,1,0,0,0,0,0,0,0,0,1,0.202,0,1,0,0,1,0,0,1,0,3,0,0,1,1,1,1,0.9,228.9757763,9.351293,42.71
Consolida ajacis,0,10,13,0,1,0,0,0,0,0,1,0,0,2,0.249,1,0,1,1,0,0,0,0,0,25,1,0,0,1,0,0,1.8,260.280461,14.669094,48.673
Anredera vesicaria,0,2,2,0,1,0,0,0,0,0,1,0,0,2,0.154,0,0,0,0,0,0,1,1,0,28,0,1,0,1,1,1,10,252.6784807,79.030766,47.087
Lepidium didymum,1,6,5,1,0,0,1,1,0,0,1,0,0,4,0.255,0,0,0,0,0,0,0,1,1,14,0,1,0,1,0,0,0.7,250.8826241,8.7938,46.68
Caesalpinia pulcherrima,0,12,10,0,1,0,1,1,0,1,1,1,0,6,0.202,0,0,0,0,0,0,1,1,0,5,0,0,1,1,1,1,6,249.0770546,46.141881,46.367
Ipomoea cairica,1,8,8,1,1,0,0,0,0,1,1,1,0,5,0.175,0,1,1,1,0,0,1,1,0,77,0,1,0,1,1,1,5,238.5311765,16.42898,44.641
Lablab purpureus,0,16,26,1,1,0,1,1,0,1,1,1,0,7,0.221,0,1,0,1,0,0,0,0,0,34,0,1,0,1,1,1,10,246.9352765,30.089549,45.931
Malvastrum americanum,0,1,1,0,0,0,0,0,0,0,1,0,0,1,0.124,0,0,0,0,0,0,1,1,0,39,0,0,1,1,0,0,3,251.7615841,19.120643,46.925
Macroptilium lathyroides,1,3,2,1,1,0,1,1,0,0,1,1,0,6,0.146,0,0,0,0,0,0,1,1,0,43,0,1,0,1,0,0,3,246.9340048,17.808244,45.931
Pachyrhizus erosus,0,14,15,1,1,0,1,1,0,1,1,1,0,7,0.115,0,0,0,0,0,0,1,1,0,12,0,1,0,1,1,1,1.2,246.9277244,32.687912,45.928
Lepidium campestre,1,0,0,0,0,0,0,0,0,0,1,0,0,1,0.227,1,0,1,0,0,0,0,0,0,30,1,0,0,1,0,0,1,250.8835891,10.180586,46.68
Acacia farnesiana,0,15,11,1,1,1,1,1,1,1,1,0,0,8,0.221,0,0,0,0,1,0,1,1,0,48,0,0,1,1,1,1,10.058,249.0383698,51.021436,46.359
Acacia senegal,0,4,3,1,1,1,1,1,1,1,1,1,1,10,0.097,0,1,1,1,0,0,0,0,0,37,0,0,1,1,0,0,13,249.0371422,13.889246,46.359
Drymaria cordata,0,10,8,1,1,0,1,1,0,1,1,0,1,7,0.182,0,1,0,0,0,0,1,1,0,57,0,0,1,1,1,1,0.9,251.836058,38.565215,46.904
Stachytarpheta jamaicensis,1,5,5,1,1,0,1,1,0,1,1,0,1,7,0.136,0,0,0,0,0,0,1,1,0,34,0,0,1,1,0,0,2,232.0629656,51.707991,43.622
Ormocarpum cochinchinense,0,0,0,0,1,0,0,1,0,1,1,1,0,5,0.121,0,0,1,1,0,1,0,0,0,15,0,0,1,1,0,0,3,247.880015,73.659896,46.134
Plectranthus amboinicus,0,6,7,1,1,0,1,1,1,1,1,0,1,8,0.148,0,1,1,1,0,0,0,0,0,9,0,0,1,0,1,0,1.5,230.6085684,10.808692,43.384
Gibasis pellucida,0,1,1,0,1,0,0,0,0,0,0,0,0,1,0.259,0,0,0,0,0,0,1,1,0,8,0,0,1,1,1,1,1,264.6412147,47.934553,49.156
Physalis viscosa,0,0,1,0,0,0,0,0,0,0,1,0,0,1,0.199,0,0,0,0,0,0,1,1,0,15,0,1,0,1,1,1,0.8,238.658633,15.03231,44.656
Alternanthera philoxeroides,1,15,13,1,1,0,0,0,0,0,1,0,0,3,0.228,0,0,0,0,0,0,0,1,0,17,0,1,0,0,1,0,1.2,251.6972438,37.736921,46.868
Eichhornia crassipes,1,20,16,1,1,1,1,1,0,1,1,0,0,7,0.261,0,0,0,0,0,0,0,1,0,17,0,1,0,1,1,1,2,264.7637751,18.279778,49.188
Magnolia stellata,0,6,7,0,1,0,0,0,0,0,1,0,1,3,0.159,0,0,1,0,0,0,0,0,0,1,0,0,1,1,1,1,7.925,273.8371799,111.053494,51.049
Aster subulatus,0,7,7,0,0,0,0,0,0,0,1,0,0,1,NA,0,0,0,0,0,0,1,1,0,34,1,0,0,1,0,0,1.5,229.0828823,2.038282,42.747
Desmanthus illinoensis,0,0,1,0,1,0,0,0,0,1,1,0,0,3,0.21,0,0,0,0,0,0,1,0,0,29,0,0,1,1,0,0,1.8,249.0464744,57.63089,46.361
Oxybaphus nyctagineus,0,1,1,0,0,0,0,0,0,0,1,0,0,1,NA,0,0,0,0,0,0,1,0,0,52,0,1,0,1,0,0,0.9,252.6323938,5.899299,47.078
Echinocystis lobata,1,0,1,0,1,0,0,0,0,0,1,0,0,2,0.209,0,0,0,0,0,0,1,0,0,47,0,1,0,1,0,0,8,251.0339698,37.318512,46.833
Leucospora multifida,0,0,1,0,0,0,0,0,0,0,0,0,0,0,0.19,0,0,0,0,0,0,1,0,0,23,1,0,0,1,0,0,0.2,232.7806875,71.610003,43.739
Senna fruticosa,0,1,1,0,0,0,0,0,0,1,1,0,0,2,0.122,0,0,0,0,0,0,1,1,0,6,0,0,1,1,0,0,6,249.1043802,52.044744,46.373
Stemodia verticillata,0,1,1,0,0,0,0,0,0,0,1,0,0,1,0.157,0,0,0,0,0,0,1,1,0,29,1,0,0,1,0,0,0.15,232.7768224,64.303011,43.738
Sesbania herbacea,0,0,1,0,1,0,0,0,0,1,0,1,0,3,0.247,0,0,0,0,0,0,1,1,0,30,0,0,1,1,0,0,4,247.0168556,8.42128,45.967
Mecardonia procumbens,1,0,2,0,0,0,0,0,0,0,1,0,0,1,0.223,0,0,0,0,0,0,1,1,0,39,0,1,0,1,0,0,0.4,232.7987401,102.320532,43.744
Eruca vesicaria,0,1,3,1,0,1,1,1,0,1,1,1,0,7,0.305,1,1,1,1,0,0,0,0,0,44,1,0,0,1,0,0,1.3,250.9212907,45.148419,46.691
Desmodium intortum,0,0,1,1,1,1,0,0,0,0,1,0,0,4,0.133,0,0,0,0,0,0,1,1,0,23,0,0,1,1,1,1,3,246.8457919,16.030261,45.906
Armeria maritima,0,2,2,0,1,0,0,0,0,0,1,0,0,2,0.168,1,0,1,0,0,0,1,0,0,23,0,0,1,1,1,1,0.6,252.4799097,59.187559,47.024
Eutrema japonicum,0,0,1,0,0,0,0,1,0,0,1,0,0,2,0.191,0,0,1,0,0,0,0,0,0,3,0,1,0,0,1,0,0.75,250.8996076,18.054598,46.686
Alternanthera brasiliana,0,6,8,0,1,0,0,0,0,0,1,0,0,2,0.108,0,0,0,0,0,0,1,1,0,30,0,0,1,1,1,1,1.8,251.6972438,37.736921,46.868
Amaranthus tuberculatus,1,1,2,0,0,0,0,0,0,0,1,0,0,1,0.285,0,0,0,0,0,0,1,0,0,25,1,0,0,1,0,0,3,251.7056096,9.02271,46.869
Symphyotrichum subulatum var. parviflorum,1,0,2,0,0,0,0,0,0,0,0,0,0,0,0.269,0,0,0,0,0,0,1,1,0,24,1,0,0,1,0,0,1.5,229.0828813,2.038281,42.747
Buchloe dactyloides,0,5,5,1,1,0,0,0,0,0,1,0,0,3,0.309,0,0,0,0,0,0,1,0,0,27,0,1,0,1,0,0,0.6,256.1332727,24.575967,47.224
Iva xanthiifolia,1,0,4,0,0,0,0,0,0,0,1,0,0,1,0.12,1,0,1,0,0,0,1,0,0,49,0,1,0,1,0,0,2,232.694932,90.519268,43.451
Micranthemum micranthemoides,0,1,1,0,0,0,0,0,0,0,0,0,0,0,NA,0,0,0,0,0,0,1,0,0,7,1,0,0,0,1,0,0.15,232.7957159,97.238496,43.743
Tetragonia tetragonioides,1,5,8,1,1,0,1,1,0,0,1,1,0,6,0.188,0,0,1,1,1,1,0,0,0,15,0,0,1,1,1,1,1.4,252.6749165,135.777904,47.087
Cyclospermum leptophyllum,1,3,3,1,1,0,0,0,0,0,1,0,0,3,0.249,0,0,0,0,0,0,1,1,0,28,1,0,0,1,0,0,0.7,237.8888797,26.761094,44.521
Elodea nuttallii,0,0,1,0,0,0,0,0,0,0,0,0,0,0,0.194,0,0,0,0,0,0,1,0,0,44,0,0,1,0,1,0,3,272.2851101,48.517903,50.653
Grindelia squarrosa,1,0,0,0,0,0,0,0,0,0,1,1,0,2,0.273,0,0,0,0,0,0,1,0,0,47,0,0,1,1,0,0,1,229.0829036,2.68326,42.747
Atriplex canescens,0,2,10,1,1,0,0,0,0,0,1,1,0,4,0.204,0,0,0,0,0,0,1,0,0,23,0,0,1,1,1,1,2.4,251.5881542,3.079178,46.838
Dysphania pumilio,1,0,0,0,0,0,0,0,0,0,1,0,0,1,0.231,0,0,0,0,1,0,0,0,0,7,1,0,0,1,0,0,0.8,251.6202753,19.81476,46.847
Axonopus fissifolius,0,1,2,1,1,0,0,0,0,0,1,0,0,3,0.212,0,0,0,0,0,0,1,1,0,43,0,1,0,1,1,1,0.65,256.090594,19.855063,47.217
Cleoserrata speciosa,0,0,0,0,1,0,0,0,0,0,1,0,0,2,0.185,0,0,0,0,0,0,1,1,0,17,1,0,0,1,0,0,1.5,251.3847674,60.183367,46.791
Bryophyllum daigremontianum,0,15,10,0,0,0,0,0,0,0,0,0,0,0,0.177,0,1,0,0,0,0,0,0,0,1,0,1,0,1,1,1,2.5,254.7838276,27.6567453,47.529
Alternanthera bettzickiana,0,11,8,0,1,0,0,0,0,0,1,0,0,2,NA,0,0,0,0,0,0,0,1,0,11,0,1,0,0,1,0,0.5,251.6972428,37.73692,46.868
Sesbania cannabina,1,16,19,1,1,1,0,1,0,1,1,0,0,6,0.132,0,0,0,1,1,0,0,0,0,10,1,0,0,1,0,0,3.5,247.0165775,0.009854,45.967
Stachytarpheta cayennensis,1,0,1,0,1,0,0,1,0,1,1,0,1,5,0.117,0,0,0,0,0,0,1,1,0,36,0,0,1,1,0,0,2.5,232.0629656,51.707991,43.622
Tradescantia pallida,0,16,11,0,1,0,0,0,0,0,1,0,0,2,0.258,0,0,0,0,0,0,1,0,0,5,0,0,1,0,1,0,0.45,264.6412147,47.934553,49.156
Alysicarpus ovalifolius,0,2,2,0,0,0,0,0,0,0,1,0,0,1,0.123,0,1,1,1,0,0,0,0,0,38,0,1,0,1,0,0,0.6,246.8451658,9.72722,45.906
Lantana montevidensis,1,9,8,0,1,0,0,0,0,0,1,1,0,3,0.234,0,0,0,0,0,0,0,1,0,9,0,0,1,1,1,1,1,232.0615848,30.825617,43.621
Ageratina adenophora,1,3,2,0,1,0,0,0,0,0,1,1,0,3,0.168,0,0,0,0,0,0,1,0,0,5,0,0,1,1,1,1,2.2,229.5078056,16.681915,42.827
Desmodium tortuosum,1,0,0,1,1,0,0,0,0,0,1,0,0,3,0.193,0,0,0,0,0,0,1,1,0,36,0,0,1,1,0,0,3,246.8457919,16.030261,45.906
Acmella uliginosa,0,0,0,0,0,0,1,1,0,0,1,0,0,3,0.107,0,0,0,0,0,0,0,1,0,18,1,0,0,1,0,0,0.5,229.5172505,1.473778,42.829
Axonopus compressus,1,4,4,1,1,0,0,0,0,0,1,0,0,3,0.18,0,0,0,0,0,0,1,1,0,51,0,1,0,1,0,0,0.63,256.090594,19.855063,47.217
Desmodium scorpiurus,0,0,0,1,0,0,0,0,0,0,0,0,0,1,0.138,0,0,0,0,0,0,1,1,0,36,0,1,0,1,0,0,0.8,246.8457919,16.030261,45.906
Eleutheranthera ruderalis,1,0,0,0,0,0,0,0,0,0,1,0,0,1,0.107,0,0,0,0,0,0,0,1,0,30,1,0,0,1,0,0,1,232.694932,90.519268,43.451
Pilea nummulariifolia,0,9,9,0,0,0,0,0,0,0,0,0,0,0,0.147,0,0,0,0,0,0,0,1,0,16,0,1,0,1,1,1,0.45,248.6654113,18.933948,46.294
Bacopa repens,0,0,0,0,0,0,0,0,0,0,0,0,0,0,0.274,0,0,0,0,0,0,1,1,0,24,0,1,0,1,1,1,0.2,232.7794151,28.899267,43.739
Anredera cordifolia,1,11,11,0,1,0,0,1,0,0,1,0,0,3,0.194,0,0,0,0,0,0,0,1,0,11,0,1,0,0,1,0,6,252.6784817,79.030767,47.087
Amaranthus capensis,0,0,1,0,0,0,0,0,0,0,0,0,0,0,NA,0,1,0,0,0,0,0,0,0,3,1,0,0,1,0,0,0.03,251.7058927,17.615882,46.869
Fatsia japonica,0,19,14,0,1,0,0,0,0,1,0,0,0,2,0.222,0,0,1,0,0,0,0,0,0,3,0,0,1,1,1,1,6,238.8879821,4.997208,44.685
Physalis virginiana var. sonorae,0,0,1,0,0,0,0,0,0,0,1,0,0,1,NA,0,0,0,0,0,0,1,0,0,2,0,1,0,1,1,1,0.6,238.658633,15.03231,44.656
Myriophyllum aquaticum,1,8,8,0,1,0,0,1,0,0,0,0,0,2,0.244,0,0,0,0,0,0,0,1,0,18,0,1,0,1,1,1,2,255.5335904,29.7347248,47.643
Furcraea foetida,0,11,7,0,1,1,0,0,0,1,1,0,0,4,0.136,0,0,0,0,0,0,0,1,0,10,0,0,1,0,1,0,12,264.3544412,34.425699,49.151
Hygrophila stricta,0,0,0,0,0,0,0,0,0,0,0,0,0,0,NA,0,0,0,1,0,0,0,0,0,4,0,1,0,0,1,0,0.15,231.6156863,7.53287,43.553
Senna septemtrionalis,0,10,9,0,1,0,0,1,0,1,1,1,0,5,0.12,0,0,0,0,0,0,1,1,0,12,0,0,1,1,1,1,6.5,249.1043812,52.044745,46.373
Paraderris elliptica,0,7,6,0,0,0,0,0,0,0,0,0,0,0,0.14,0,0,0,1,0,0,0,0,0,21,0,0,1,1,0,0,10,249.9041165,84.763337,46.535
Bacopa caroliniana,0,4,5,0,0,0,0,0,0,0,1,0,0,1,0.14,0,0,0,0,0,0,1,1,0,12,0,1,0,1,1,1,0.6,232.7794141,28.899266,43.739
Sesbania sesban var. bicolor,0,0,0,0,0,0,0,0,0,0,0,0,0,0,NA,0,0,0,1,0,0,0,0,0,1,0,0,1,1,1,1,8,247.0176821,33.452959,45.967
Symphyotrichum pilosum,0,0,2,0,1,0,0,0,0,0,0,0,0,1,0.161,0,0,0,0,0,0,1,0,0,42,0,1,0,1,1,1,1.5,229.0828339,0.574936,42.746
Gnaphalium coarctatum,0,0,0,0,0,0,0,0,0,0,1,0,0,1,0.12,0,0,0,0,0,0,1,1,0,21,1,0,0,1,0,0,0.6,229.3808171,6.459703,42.803
Tanacetum parthenifolium,1,0,0,0,0,0,0,0,0,0,0,0,0,0,0.15,1,0,1,0,0,0,0,0,0,19,0,1,0,1,0,0,0.6,228.971642,4.423807,42.709
Acacia auriculiformis,0,8,5,1,1,1,1,1,0,1,1,0,1,8,0.114,0,0,0,1,1,0,0,0,0,4,0,0,1,1,0,0,35,249.0352254,19.343535,46.358
Abutilon sonorae,0,0,1,0,0,0,0,0,0,0,0,0,0,0,NA,0,0,0,0,0,0,1,0,0,7,0,0,1,NA,NA,NA,1.82,251.757572,19.82881,46.924
Cabomba caroliniana,1,3,4,0,1,0,0,0,0,0,1,0,0,2,0.204,0,0,0,0,0,0,1,1,0,38,0,0,1,1,1,1,2,280.9944699,93.34543,52.348
Tephrosia candida,1,4,5,1,1,0,0,1,0,0,1,1,0,5,0.159,0,0,0,1,0,0,0,0,0,5,0,0,1,1,0,0,3.5,247.0731788,8.152532,45.969
Alternanthera paronychioides,1,7,6,0,0,0,0,0,0,0,1,0,0,1,0.21,0,0,0,0,0,0,1,1,0,33,0,1,0,1,0,0,0.8,251.6972438,37.736921,46.868
Oxalis triangularis,1,11,10,0,0,0,0,0,0,0,0,0,0,0,0.237,0,1,0,0,0,0,0,1,0,11,0,1,0,1,1,1,0.3,253.2113373,45.669318,47.187
Utricularia tricolor,0,0,1,0,0,0,0,0,0,0,0,0,0,0,0.159,0,0,0,0,0,0,0,1,0,11,0,1,0,1,1,1,0.1,231.955855,57.739552,43.603
Euphorbia prostrata,1,4,4,0,0,0,0,1,0,1,1,1,1,5,0.29,0,0,0,0,0,0,1,1,0,55,0,1,0,1,1,1,0.3,251.8184848,12.25765801,46.92
Oxalis bowiei,0,3,7,0,0,0,0,0,0,0,0,0,0,0,0.247,0,1,0,0,0,0,0,0,0,1,0,1,0,1,1,1,0.3,253.2113363,45.669317,47.187
Solanum capsicoides,1,5,5,0,1,0,1,1,0,1,1,1,0,6,0.214,0,0,0,0,0,0,0,1,0,7,0,0,1,1,0,0,2,238.6549438,14.152038,44.654
Solanum seaforthianum,0,7,6,0,1,0,0,0,0,1,1,1,0,4,0.137,0,0,0,1,0,0,1,1,0,25,0,1,0,1,1,1,6,238.6570376,13.79561,44.654
Pachira aquatica,0,16,11,0,1,0,1,1,0,1,1,0,1,6,0.107,0,0,0,0,0,0,1,1,0,22,0,0,1,1,1,1,25,251.7801922,26.638081,46.928
Spermacoce alata,1,3,3,0,0,0,0,0,0,0,1,0,0,1,0.277,0,0,0,0,0,0,1,1,0,28,0,0,1,1,1,1,1,235.8339838,12.7249,44.172
Spermacoce prostrata,0,0,0,0,0,0,0,0,0,0,1,0,1,2,0.161,0,0,0,0,0,0,1,1,0,38,0,1,0,1,0,0,0.65,235.8339838,12.7249,44.172
Brunfelsia brasiliensis,0,17,11,0,0,0,0,0,0,0,0,0,0,0,0.12,0,0,0,0,0,0,0,1,0,4,0,0,1,1,0,0,2,238.74088,73.811985,44.678
Centrosema pubescens,1,2,2,1,1,0,0,0,0,0,1,0,0,3,0.1,0,0,0,0,0,0,1,1,0,29,0,1,0,1,0,0,0.45,247.173382,76.444011,45.988
Crassocephalum crepidioides,1,13,10,1,0,0,0,1,0,1,1,0,1,5,0.277,0,1,0,0,0,0,0,0,0,25,1,0,0,1,1,1,1.5,229.125282,12.217301,42.766
Solanum wrightii,0,3,3,0,1,0,1,0,0,1,0,0,0,3,0.121,0,0,0,0,0,0,0,1,0,1,0,0,1,1,0,0,12,238.654738,14.097434,44.654
Crotalaria trichotoma,1,7,6,1,1,0,0,1,0,1,1,1,0,6,0.168,0,1,0,1,0,0,0,1,0,5,0,0,1,1,0,0,3,247.7997253,18.409968,46.112
Tephrosia noctiflora,0,0,0,0,1,0,0,0,0,0,1,0,0,2,0.123,0,1,0,1,0,0,0,1,0,11,0,1,0,1,0,0,1.5,247.0735566,14.362684,45.969
Thunbergia alata,0,10,9,1,1,0,1,1,0,1,1,1,0,7,0.16,0,1,0,0,0,0,0,0,0,29,0,1,0,1,1,1,2.4,231.8001726,18.092514,43.581
Alternanthera reineckii,0,1,1,0,0,0,0,0,0,0,0,0,0,0,NA,0,0,0,0,0,0,0,1,0,10,0,1,0,0,1,0,0.6,251.6972428,37.73692,46.868
Sedum mexicanum,0,2,3,0,0,0,0,0,0,0,0,0,0,0,0.216,0,0,0,0,0,0,1,1,0,3,0,1,0,0,1,0,0.3,254.5906298,0.568702945,47.498
Sonneratia apetala,1,3,3,0,0,0,0,0,0,1,1,0,0,2,NA,0,0,0,1,0,0,0,0,0,5,0,0,1,1,0,0,20,253.8355652,0.098468,47.29
Salvia coccinea,1,9,10,1,1,0,0,0,0,0,1,1,0,4,0.261,0,0,0,0,0,0,1,1,0,32,0,0,1,1,1,1,2,230.6002828,32.857736,43.381
Justicia gendarussa,0,13,12,0,1,0,0,1,0,0,1,1,1,5,0.144,0,0,0,1,0,0,0,0,0,16,0,0,1,1,0,0,1.5,231.6572543,18.480382,43.559
Mimosa diplotricha,1,3,4,1,1,0,0,0,0,0,1,0,0,3,0.15,0,0,0,0,0,0,1,1,0,27,0,0,1,1,0,0,5,249.0431547,48.335186,46.36
Acanthospermum hispidum,1,1,1,1,0,0,0,1,0,1,1,0,0,4,0.177,0,0,0,0,0,0,0,1,0,28,0,1,0,1,1,1,1.3,229.514791,19.326901,42.828
Ambrosia psilostachya,0,0,0,0,0,0,0,0,0,0,1,0,0,1,0.375,0,0,0,0,0,0,1,0,0,54,0,1,0,1,0,0,2,229.5178316,10.246099,42.829
Bidens subalternans,0,0,1,0,0,0,0,0,0,0,1,0,0,1,0.185,0,0,0,0,1,0,0,1,0,10,0,0,1,1,0,0,2,229.5158134,10.030392,42.828
Cleome rutidosperma,1,0,0,0,0,0,1,1,0,0,1,0,0,3,0.174,0,1,0,0,0,0,0,0,0,24,0,1,0,1,0,0,1,251.3847662,60.165335,46.791
Erigeron karvinskianus,0,0,1,1,0,0,0,0,0,0,1,0,0,2,0.231,0,1,0,0,0,0,1,1,0,14,1,0,0,1,1,1,1,229.072212,1.569866,42.745
Nuphar japonica,0,4,4,0,0,0,0,0,0,0,1,0,0,1,0.18,0,0,1,0,0,0,0,0,0,4,0,1,0,1,1,1,0.1,280.9807338,23.827149,52.343
Oxalis debilis var. corymbosa,0,22,15,0,0,0,0,0,0,0,0,0,0,0,0.234,0,0,0,0,0,0,0,1,0,15,0,1,0,1,1,1,0.4,253.2113363,45.669317,47.187
Passiflora adenopoda,0,2,2,0,0,0,0,0,0,0,0,0,0,0,0.131,0,0,0,0,0,0,1,1,0,16,0,1,0,1,1,1,15,252.2852909,27.467569,47.013
Tarlmounia elliptica,0,4,4,0,0,0,0,0,0,0,1,0,0,1,NA,0,0,0,1,0,0,0,0,0,5,0,0,1,1,1,1,4.7,230.1785132,23.754813,42.97
Acmella brachyglossa,0,0,0,0,0,0,0,0,0,0,0,0,0,0,0.114,0,0,0,0,0,0,1,1,0,20,1,0,0,1,0,0,0.3,229.5172515,1.473779,42.829
Cosmos bipinnatus,1,16,15,0,1,0,0,0,0,1,1,0,0,3,0.331,0,0,0,0,0,0,1,0,0,5,1,0,0,1,0,0,2.5,229.5165354,12.453309,42.828
Cosmos sulphureus,1,13,13,0,1,0,0,0,0,1,1,0,0,3,0.326,0,0,0,0,0,0,1,1,0,12,1,0,0,1,0,0,2,229.5165354,12.453309,42.828
Dahlia pinnata,0,22,19,0,1,0,1,1,0,1,1,0,0,5,0.304,0,0,0,0,0,0,1,0,0,4,0,1,0,1,1,1,1.5,229.5191138,21.119261,42.829
Galinsoga parviflora,1,9,9,1,1,0,1,1,0,0,1,1,0,6,0.305,0,0,0,0,0,0,1,1,0,31,1,0,0,1,0,0,1,229.5145018,16.411605,42.828
Lagascea mollis,0,0,0,0,0,0,0,0,0,0,0,0,0,0,0.14,0,0,0,0,0,0,1,1,0,28,0,1,0,1,1,1,1,229.5180817,14.044104,42.829
Nicotiana longiflora,0,1,2,0,1,0,1,0,0,0,1,0,0,3,0.233,0,0,0,0,0,0,0,1,0,7,0,1,0,1,1,1,1.4,238.7112866,59.825419,44.67
Oenothera tetraptera,1,1,1,0,0,0,0,0,0,0,1,0,0,1,0.207,0,0,0,0,0,0,1,1,0,14,0,1,0,1,0,0,0.5,253.7687882,36.167,47.261
Pectis prostrata,0,0,0,0,0,0,0,0,0,0,0,0,0,0,0.238,0,0,0,0,0,0,1,1,0,26,1,0,0,1,0,0,0.3,229.5144614,25.758891,42.829
Solanum elaeagnifolium,1,0,1,0,0,0,0,0,0,0,1,1,0,2,0.216,0,0,0,0,1,0,1,1,0,42,0,0,1,1,1,1,1,238.6534593,9.26253,44.654
Hydrocotyle leucocephala,0,2,2,0,1,0,0,0,0,0,1,0,0,2,0.136,0,0,0,0,0,0,1,1,1,24,0,1,0,0,1,0,0.3,239.1118126,25.592764,44.723
Bougainvillea glabra,0,18,12,0,1,0,0,0,0,1,1,0,0,3,0.193,0,0,0,0,0,0,0,1,0,3,0,0,1,0,1,0,6,252.6469815,66.889622,47.081
Aegilops tauschii,0,0,3,0,0,0,1,0,0,0,0,0,0,1,0.388,1,0,1,1,0,0,0,0,0,14,1,0,0,1,1,1,0.6,255.4189741,11.527693,47.069
Manihot esculenta,0,14,13,1,1,1,1,1,1,1,1,1,1,10,0.126,0,0,0,0,0,0,0,1,0,13,0,0,1,0,1,0,7,251.9861594,94.118539,46.954
Ranunculus sardous,0,0,0,0,0,0,0,0,0,0,1,0,0,1,0.177,1,1,1,0,0,0,0,0,0,34,0,1,0,1,1,1,0.6,260.4445748,0.68662,48.674
Chenopodium giganteum,0,4,6,0,1,0,1,1,0,1,0,0,0,4,0.315,0,0,1,1,0,0,0,0,0,6,1,0,0,1,0,0,3,251.589104,1.774104,46.838
Solanum erianthum,1,8,6,0,1,0,1,1,0,1,1,1,0,6,0.177,0,0,0,0,0,0,1,1,0,25,0,0,1,1,1,1,10,238.6579603,25.028272,44.655
Acacia mearnsii,1,9,7,1,1,1,0,1,1,1,1,0,0,7,0.159,0,0,0,0,1,0,0,0,0,4,0,0,1,1,1,1,25,249.0357139,24.269077,46.359
Euphorbia milii,0,23,15,0,1,0,0,0,0,0,1,1,0,3,0.163,0,1,0,0,0,0,0,0,0,1,0,0,1,1,1,1,2.4,251.8214087,22.98435,46.921
Calopogonium mucunoides,1,2,3,1,1,0,0,1,0,0,1,0,0,4,0.213,0,0,0,0,0,0,1,1,0,33,0,1,0,1,0,0,5,246.9277244,32.687912,45.928
Gaura mollis,1,1,8,0,0,0,0,0,0,0,0,0,0,0,0.248,0,0,0,0,0,0,1,0,0,29,1,0,0,1,0,0,3.6,253.7687892,36.167001,47.261
Solanum rostratum,1,1,1,1,1,0,0,0,1,0,1,0,0,4,0.329,0,0,1,0,0,0,1,0,0,29,1,0,0,1,0,0,1,238.654738,14.097434,44.654
Solanum viarum,1,0,2,0,0,0,1,0,0,0,1,0,0,2,0.26,0,0,0,0,0,0,0,1,0,11,0,0,1,1,0,0,2,238.6549438,14.152038,44.654
Crotalaria lanceolata,1,0,0,1,1,0,0,0,0,0,1,0,0,3,0.187,0,1,0,0,0,0,0,0,0,10,0,0,1,1,0,0,2,247.7997253,18.409968,46.112
Utricularia livida,0,1,2,0,0,0,0,0,0,0,1,0,0,1,0.148,0,1,0,0,0,0,1,0,0,26,0,1,0,1,1,1,0.15,231.9557831,54.490652,43.602
Petunia hybrida,0,3,2,0,1,0,0,0,0,0,0,0,0,1,0.221,0,0,0,0,0,0,0,0,0,0,0,1,0,1,1,1,0.6,238.740879,73.811984,44.678
Gaura lindheimeri,0,8,9,0,0,0,0,0,0,0,0,0,0,0,0.216,0,0,0,0,0,0,1,0,0,2,0,1,0,1,1,1,1.5,253.7687882,36.167,47.261
Taraxacum campylodes,1,3,3,1,1,0,1,1,1,1,1,0,0,7,0.151,1,0,0,0,0,0,0,1,0,3,0,1,0,1,0,0,3,229.7518643,1.504314,42.895
Eucalyptus exserta,0,8,8,0,0,0,0,0,0,0,0,0,0,0,0.151,0,0,0,0,1,0,0,0,0,2,0,0,1,1,1,1,25,253.7385652,71.986783,47.297
Phytolacca thyrsiflora,0,0,1,0,0,0,0,0,0,0,0,0,0,0,0.111,0,0,0,0,0,0,0,1,0,15,0,1,0,1,1,1,1.5,252.6596925,22.949532,47.082
Ranunculus marginatus,0,0,0,0,0,0,0,0,0,0,0,0,0,0,0.213,1,0,1,0,0,0,0,0,0,9,0,1,0,NA,NA,NA,0.16,260.4452278,9.134612,48.674
Plantago ovata,0,1,1,1,0,0,0,1,0,1,1,1,0,5,0.123,1,1,1,1,0,0,1,0,0,34,1,0,0,1,0,0,0.15,232.5861322,18.942594,43.696
Gaillardia pulchella,1,8,11,0,1,0,1,0,0,0,1,0,0,3,0.298,0,0,0,0,0,0,1,0,0,38,0,0,1,1,1,1,0.61,229.5137601,24.836633,42.828
Veronica polita,1,11,9,0,0,0,0,0,0,0,0,0,0,0,0.25,1,1,1,1,0,0,0,0,0,66,1,0,0,1,1,1,0.5,232.5107426,16.612894,43.683
Crotalaria ochroleuca,1,0,0,1,1,0,1,1,0,1,1,0,0,6,0.205,0,1,0,0,0,0,0,0,0,33,0,0,1,1,0,0,2.7,247.7997253,18.409968,46.112
Armoracia rusticana,0,5,7,0,0,0,1,1,0,1,1,1,0,5,0.157,1,0,0,0,0,0,0,0,0,2,0,1,0,0,1,0,2,250.8611182,30.281045,46.675
Cymbalaria muralis,0,1,4,0,1,0,0,0,0,0,1,0,0,2,0.21,1,0,0,0,0,0,0,0,0,5,0,1,0,1,1,1,0.6,232.6874163,49.764501,43.722
Richardia brasiliensis,1,0,1,1,1,0,0,0,0,1,1,0,0,4,0.207,0,1,0,0,0,0,1,1,0,14,0,0,1,1,0,0,0.8,235.8339991,13.187922,44.172
Pupalia micrantha,0,0,2,0,0,0,0,0,0,0,0,0,0,0,NA,0,1,0,0,0,0,0,0,0,10,0,1,0,NA,NA,NA,1.5,251.69427,31.297357,46.868
Opuntia monacantha,1,8,9,1,1,0,0,0,0,0,1,0,0,3,0.164,0,0,0,0,0,0,0,1,0,5,0,0,1,1,1,1,7,252.6770651,57.606335,47.087
Eleutherine bulbosa,0,8,5,0,0,0,0,0,0,0,1,0,0,1,0.151,0,0,0,0,0,0,0,1,0,19,0,1,0,1,1,1,0.8,264.8118653,76.138895,49.219
Zephyranthes carinata,1,16,13,0,1,0,0,0,0,0,1,0,0,2,0.266,0,0,0,0,0,0,1,1,0,9,0,1,0,1,1,1,0.3,264.315798,29.569794,49.143
Tradescantia zebrina,1,21,14,0,1,0,0,0,0,0,1,0,0,2,0.158,0,0,0,0,0,0,1,1,0,14,0,0,1,1,1,1,1.2,264.6412147,47.934553,49.156
Cyanus segetum,0,12,17,0,1,0,0,0,1,0,1,0,0,3,0.106,1,1,1,1,1,0,0,0,0,37,1,0,0,1,1,1,1.01,230.0237753,7.752688,42.943
Oenothera laciniata,1,0,1,0,0,0,0,0,0,0,1,0,0,1,0.301,0,0,0,0,0,0,1,1,0,14,0,1,0,1,1,1,3,253.7687892,36.167001,47.261
Pennisetum clandestinum,1,1,4,0,0,0,0,0,0,0,0,0,0,0,0.186,0,1,0,0,0,0,0,0,0,10,0,1,0,1,1,1,1.2,256.0564013,9.854265,47.205
Coreopsis grandiflora,1,8,9,0,1,0,0,0,0,0,0,0,0,1,0.26,0,0,0,0,0,0,1,0,0,34,0,1,0,1,1,1,1,229.5158211,10.052647,42.828
Impatiens walleriana,0,14,12,0,1,0,0,0,0,0,1,0,0,2,0.214,0,1,0,0,0,0,0,0,0,5,0,1,0,1,1,1,4.7,245.5170844,45.575278,46.026
Iresine herbstii,0,17,12,0,0,0,0,0,0,0,0,0,0,0,0.191,0,0,0,0,0,0,0,1,0,1,0,1,0,1,1,1,2,251.6972438,37.736921,46.868
Oenothera drummondii,1,2,2,0,1,0,0,0,0,0,0,0,0,1,0.208,0,0,0,0,0,0,1,0,0,9,0,0,1,1,1,1,4.7,253.7687892,36.167001,47.261
Portulaca grandiflora,0,24,19,0,1,0,1,1,0,1,1,0,0,5,0.291,0,0,0,0,0,0,0,1,0,10,1,0,0,1,1,1,0.45,252.6747915,23.220039,47.087
Antigonon leptopus,1,10,9,1,1,0,1,1,0,1,1,0,0,6,0.194,0,0,0,0,0,0,1,1,0,11,0,1,0,1,1,1,15,252.1828414,84.188361,46.931
Bromus carinatus,0,0,0,1,1,0,0,0,0,0,1,0,0,3,0.304,0,0,0,0,0,0,1,1,0,31,0,1,0,1,1,1,1.219,255.458763,13.085277,47.079
Hibiscus asper,0,1,1,0,0,0,0,0,0,0,0,0,0,0,0.092,0,1,0,0,0,0,0,0,0,23,0,1,0,1,0,0,2.43,251.7564408,25.872004,46.924
Tephrosia vogelii,0,0,0,1,1,1,0,1,0,1,1,1,1,8,0.101,0,1,0,0,0,0,0,0,0,30,0,0,1,1,0,0,4,247.0731788,8.152532,45.969
Fuchsia hybrida,0,15,13,0,0,0,0,0,0,0,0,0,0,0,0.227,0,0,0,0,0,0,0,0,0,0,0,0,1,1,1,1,0.91,253.798947,45.182898,47.271
Alopecurus myosuroides,0,0,0,0,0,0,0,0,0,0,0,0,0,0,0.167,1,1,1,1,0,0,0,0,0,41,1,0,0,1,0,0,0.85,255.4322696,7.131691,47.064
Drosera anglica,0,0,1,0,1,0,0,0,0,0,1,0,0,2,0.175,1,0,1,0,0,1,1,0,0,70,0,1,0,1,1,1,0.2,253.1869906,15.965658,47.192
Potamogeton vaseyi,0,0,0,0,0,0,0,0,0,0,0,0,0,0,0.226,0,0,0,0,0,0,1,0,0,19,0,0,1,0,1,0,0.61,272.308303,37.08196,50.672
Hyptis capitata,1,3,3,0,0,0,0,0,0,0,1,0,0,1,0.106,0,0,0,0,0,0,1,1,0,32,0,0,1,1,0,0,3,230.6137255,26.477102,43.385
Ipomoea mauritiana,1,5,6,1,1,0,0,1,0,1,1,0,0,5,0.114,0,1,0,0,0,0,0,1,0,54,0,1,0,1,1,1,10,238.5313633,19.687664,44.641
Sclerocarpus africanus,0,0,0,0,0,0,0,0,0,0,0,0,0,0,NA,0,1,1,1,0,0,0,0,0,32,1,0,0,1,0,0,1.21,232.694932,90.519268,43.451
Triumfetta rhomboidea,0,6,6,1,1,0,1,1,0,1,1,1,1,8,0.117,0,1,1,1,1,0,0,0,0,64,0,0,1,1,0,0,3,251.8877176,19.549582,46.947
Zinnia elegans,0,21,18,0,1,0,0,0,0,0,1,0,0,2,0.29,0,0,0,0,0,0,1,1,0,12,0,0,1,1,1,1,1.8,232.694932,90.519268,43.451
Sida linifolia,0,0,1,0,0,0,0,0,0,1,1,0,0,2,0.104,0,1,0,0,0,0,1,1,0,57,0,0,1,1,0,0,1.5,251.7572222,20.244566,46.924
Swietenia macrophylla,0,10,7,1,1,0,0,1,1,1,1,0,0,6,0.114,0,0,0,0,0,0,1,1,0,19,0,0,1,1,0,0,42.5,252.6672215,52.170186,47.049
Ribes multiflorum,0,1,1,0,0,0,1,0,0,0,0,0,0,1,NA,1,0,1,0,0,0,0,0,0,6,0,0,1,0,1,0,2,254.9571566,19.36425818,47.556
Arachis duranensis,0,7,6,0,0,0,1,0,0,0,0,0,0,1,0.201,0,0,0,0,0,0,0,1,0,3,1,0,0,1,1,1,0.1,247.8932368,73.530616,46.136
Alternanthera pungens,1,3,4,0,1,0,0,0,0,1,1,0,0,3,0.208,0,0,0,0,0,0,1,1,0,25,0,1,0,1,1,1,0.8,251.6972438,37.736921,46.868
Cuphea hyssopifolia,0,13,11,0,1,0,0,0,0,0,0,0,0,1,0.215,0,0,0,0,0,0,1,1,0,13,0,0,1,1,1,1,0.7,253.8712769,71.701254,47.297
Euphorbia serpens,1,0,0,0,0,0,0,0,0,0,1,0,0,1,0.27,0,0,0,0,0,1,1,1,0,60,0,1,0,1,0,0,0.2,251.8188043,14.73086201,46.92
Mikania micrantha,1,1,2,0,0,0,0,0,0,0,1,0,0,1,0.128,0,0,0,0,0,0,1,1,0,39,0,1,0,1,1,1,6,229.5072259,4.585,42.827
Oxalis latifolia,1,0,1,0,1,0,0,1,0,0,1,1,0,4,0.188,0,0,0,0,0,0,1,1,0,31,0,1,0,1,1,1,0.4,253.2113363,45.669317,47.187
Eucalyptus globulus,0,9,10,1,1,1,0,1,1,1,1,1,1,9,0.194,0,0,0,0,1,0,0,0,0,3,0,0,1,1,1,1,90,253.7385662,71.986784,47.297
Ochrosia elliptica,0,3,3,0,1,0,0,0,0,1,1,0,0,3,0.181,0,0,0,0,1,1,0,0,0,5,0,0,1,1,1,1,6,236.064968,12.044572,44.207
Euphorbia nutans,1,0,1,0,0,0,0,0,0,0,1,1,0,2,0.332,0,0,0,0,0,0,1,1,0,59,0,1,0,1,0,0,0.8,251.8182653,9.157758006,46.92
Verbena bracteata,1,0,1,0,1,0,0,0,0,0,1,0,0,2,0.314,0,0,0,0,0,0,1,0,0,54,0,1,0,1,0,0,0.5,232.0598327,4.326851,43.62
Centaurea diffusa,1,0,0,0,0,0,0,0,0,0,0,0,0,0,0.262,1,0,1,0,0,0,0,0,0,25,0,1,0,1,0,0,0.8,230.0220113,4.923923,42.943
Clitoria falcata,0,0,0,0,0,0,0,0,0,0,0,0,0,0,0.103,0,0,0,0,0,0,1,1,0,29,0,1,0,NA,NA,NA,2,247.1702774,29.505984,45.987
Leucanthemum vulgare,0,6,8,0,1,0,0,0,0,1,1,0,0,3,0.23,1,0,1,0,0,0,0,0,0,47,0,1,0,1,1,1,2,228.9757763,9.351293,42.71
Mollugo nudicaulis,0,0,1,0,0,0,1,1,0,1,1,0,0,4,0.159,0,1,1,1,0,0,0,0,0,60,0,1,0,1,0,0,0.35,252.6824425,138.933962,47.088
Moringa oleifera,0,13,13,1,1,1,1,1,1,1,1,1,1,10,0.137,0,0,0,1,0,0,0,0,0,2,0,0,1,1,1,1,12,252.4879472,157.978393,47.028
Physalis philadelphica,0,6,7,1,1,0,1,1,0,1,1,0,0,6,0.271,0,0,0,0,0,0,1,1,0,15,0,1,0,1,0,0,1,238.658634,15.032311,44.656
Sanvitalia procumbens,0,4,6,0,1,0,0,0,0,0,1,0,0,2,0.189,0,0,0,0,0,0,1,1,0,6,0,1,0,1,1,1,1.2,232.694932,90.519268,43.451
Solanum sisymbriifolium,1,0,1,0,1,0,1,0,0,0,1,0,0,3,0.238,0,0,0,0,0,0,0,1,0,14,0,1,0,1,0,0,5,238.654738,14.097434,44.654
Spermacoce remota,1,1,1,0,0,0,0,0,0,0,1,0,0,1,0.157,0,0,0,0,0,0,1,1,0,45,0,0,1,1,1,1,1,235.8339838,12.7249,44.172
Oenothera stricta,1,3,3,0,0,0,0,0,0,0,1,0,0,1,0.28,0,0,0,0,0,0,0,1,0,5,1,0,0,1,1,1,1.5,253.7687882,36.167,47.261
Agave fourcroydes,0,3,3,0,1,0,0,1,0,1,1,0,1,5,0.142,0,0,0,0,0,0,1,1,0,3,0,0,1,1,1,1,6,264.3544402,34.425698,49.151
Ruellia simplex,0,6,6,0,1,0,0,0,0,0,1,0,0,2,0.225,0,0,0,0,0,0,1,1,0,28,0,0,1,1,1,1,1.2,231.6341738,18.840415,43.556
Calyptocarpus vialis,1,0,0,0,0,0,0,0,0,0,0,0,0,0,0.227,0,0,0,0,0,0,1,1,0,18,0,1,0,1,1,1,0.5,229.5176381,12.607026,42.829
Croton hirtus,1,0,1,0,0,0,0,0,0,0,1,0,0,1,0.12,0,0,0,0,0,0,1,1,0,29,0,1,0,1,0,0,1,251.9108807,13.94243401,46.941
Oenothera rosea,1,4,3,0,0,0,0,0,0,0,1,0,0,1,0.27,0,0,0,0,0,0,1,1,0,24,0,1,0,1,1,1,1,253.7687892,36.167001,47.261
Atriplex nummularia,0,0,0,0,1,0,0,1,0,1,1,0,0,4,0.102,0,0,0,0,1,0,0,0,0,6,0,0,1,1,1,1,3,251.5881542,3.079178,46.838
Acacia dealbata,1,9,8,0,1,1,1,1,1,1,1,0,0,7,0.194,0,0,0,0,1,0,0,0,0,3,0,0,1,1,1,1,33,249.0357139,24.269077,46.359
Crotalaria micans,1,3,2,1,1,0,0,1,0,0,1,0,0,4,0.113,0,0,0,0,0,0,1,1,0,33,0,0,1,1,1,1,3.7,247.7997703,18.58016,46.112
Nicotiana alata,0,5,7,0,1,0,1,0,0,0,1,0,1,4,0.213,0,0,0,0,0,0,0,1,0,5,0,1,0,1,1,1,1.8,238.7112866,59.825419,44.67
Acer negundo,0,20,18,0,1,1,0,0,0,1,1,0,0,4,0.32,0,0,0,0,0,0,1,0,0,50,0,0,1,1,1,1,30,252.3235033,20.785966,46.982
Achillea millefolium,0,16,16,1,1,0,1,1,0,1,1,1,1,8,0.33,1,0,1,1,0,0,1,1,0,140,0,1,0,1,1,1,1.2,228.9722451,0.592044,42.709
Aeschynomene americana,1,1,3,1,1,0,0,0,0,0,1,0,0,3,0.167,0,0,0,0,0,0,1,1,0,44,0,0,1,1,0,0,3.048,247.8768596,64.611733,46.133
Agave americana,1,22,15,0,1,0,0,1,1,1,1,1,1,7,0.176,0,0,0,0,0,0,1,0,0,7,0,0,1,1,1,1,8,264.3544412,34.425699,49.151
Agave vivipara,0,17,12,1,1,0,0,1,0,1,1,0,0,5,0.199,0,0,0,0,0,0,1,1,0,16,0,0,1,1,1,1,1.2,264.3544402,34.425698,49.151
Ageratum conyzoides,1,18,14,1,1,0,1,1,1,1,1,1,1,9,0.186,0,0,0,0,0,0,1,0,0,5,0,1,0,1,0,0,1.5,229.5031065,8.923455,42.826
Agrostemma githago,1,5,9,0,1,0,0,0,0,0,1,1,1,4,0.204,1,0,1,0,0,0,0,1,0,21,1,0,0,1,0,0,1.52,251.436902,47.790177,46.83
Amaranthus albus,1,1,3,0,0,0,0,0,0,0,1,0,0,1,0.329,0,0,0,0,0,0,1,0,0,16,1,0,0,1,0,0,1,251.7058721,16.964954,46.869
Amaranthus blitum,1,12,10,0,1,0,1,1,0,1,1,0,0,5,0.231,1,1,1,1,0,0,0,1,0,29,1,0,0,1,0,0,0.9,251.7056066,8.934542,46.869
Amaranthus caudatus,0,11,15,1,1,0,1,1,0,1,1,0,1,7,0.281,0,0,0,0,0,0,0,1,0,4,1,0,0,1,0,0,2.5,251.7055988,8.69747,46.869
Amaranthus cruentus,0,6,13,1,1,0,1,1,0,1,1,0,0,6,0.272,0,0,0,0,0,0,1,1,0,8,1,0,0,1,1,1,2.4,251.7055988,8.69747,46.869
Amaranthus hybridus,1,4,7,1,1,0,1,1,0,1,1,0,1,7,0.274,0,0,0,0,0,0,1,1,0,45,1,0,0,1,0,0,1,251.7055988,8.69747,46.869
Amaranthus hypochondriacus,0,1,14,1,1,0,1,1,0,1,1,1,0,7,0.271,0,0,0,0,0,0,1,0,0,11,1,0,0,1,1,1,3,251.7055988,8.69747,46.869
Amaranthus polygonoides,1,0,0,0,0,0,0,0,0,0,1,0,0,1,0.257,0,0,0,0,0,0,1,1,0,22,1,0,0,1,0,0,0.4,251.7058927,17.615882,46.869
Amaranthus retroflexus,1,7,9,0,0,0,0,0,0,0,1,1,0,2,0.383,0,0,0,0,0,0,1,0,0,5,1,0,0,1,1,1,2,251.7055988,8.69747,46.869
Amaranthus spinosus,1,13,10,1,0,0,1,1,0,1,1,1,1,7,0.091,0,0,0,0,0,0,1,1,0,40,1,0,0,1,0,0,2,251.7055988,8.69747,46.869
Amaranthus tricolor,0,21,25,0,1,0,1,1,0,1,1,1,1,7,0.317,0,0,0,1,0,0,0,0,0,18,1,0,0,1,0,0,2.4,251.7056066,8.934542,46.869
Amaranthus viridis,1,15,13,1,0,0,1,1,0,1,1,0,0,5,0.269,0,0,0,0,0,0,1,1,0,39,1,0,0,1,1,1,1.2,251.7056066,8.934542,46.869
Ambrosia artemisiifolia,1,5,4,0,0,0,0,1,0,0,1,1,0,3,0.34,0,0,0,0,0,0,1,1,0,68,1,0,0,1,0,0,2,229.5178316,10.246099,42.829
Ambrosia trifida,1,0,1,0,0,0,0,0,0,0,1,1,0,2,0.295,0,0,0,0,0,0,1,0,0,59,0,0,1,1,0,0,5,229.5178316,10.246099,42.829
Ammi majus,0,1,1,0,1,0,0,0,0,0,1,1,0,3,0.201,1,1,1,0,0,0,0,0,0,35,1,0,0,1,0,0,1.5,237.8890602,30.856869,44.521
Amorpha fruticosa,0,17,19,0,1,0,0,0,0,1,1,1,0,4,0.335,0,0,0,0,0,0,1,0,0,20,0,0,1,1,1,1,6,247.9397363,127.027593,46.145
Anagallis arvensis,0,4,4,0,0,0,0,0,0,0,0,0,0,0,0.258,1,1,1,1,0,0,0,0,0,80,0,1,0,1,1,1,0.65,242.8044682,44.173021,45.568
Anthemis arvensis,0,2,3,0,0,0,0,0,0,0,1,0,0,1,0.171,1,1,1,0,0,0,0,0,0,45,0,1,0,1,0,0,0.9,228.9724708,5.147363,42.709
Anthemis cotula,0,2,3,0,0,0,0,0,0,0,1,1,0,2,0.294,1,1,1,0,0,0,0,0,0,55,0,0,1,1,0,0,70,228.9724708,5.147363,42.709
Anthoxanthum odoratum,0,1,1,0,0,0,0,0,0,1,1,1,0,3,0.217,1,1,1,0,0,0,1,0,0,65,0,1,0,1,0,0,1.4,255.507277,10.469849,47.087
Arachis hypogaea,0,10,28,1,1,1,1,1,1,1,1,1,1,10,0.235,0,0,0,0,0,0,0,1,0,2,1,0,0,1,0,0,0.9,247.8932368,73.530616,46.136
Argemone mexicana,1,7,7,1,1,1,0,1,0,1,1,1,1,8,0.236,0,0,0,0,0,0,1,1,0,9,0,1,0,1,0,0,2.5,265.2889134,96.412933,49.524
Asclepias curassavica,1,18,15,1,1,0,0,1,1,1,1,1,0,7,0.215,0,0,0,0,0,0,1,1,0,41,0,0,1,1,1,1,2,235.8238379,12.876696,44.155
Atropa belladonna,0,12,11,0,0,0,0,0,0,1,1,1,1,4,0.144,1,1,1,0,0,0,0,0,0,31,0,0,1,1,1,1,2,238.6576164,19.155441,44.656
Avena fatua,1,7,8,1,0,0,1,0,0,0,1,1,0,4,0.349,1,1,1,1,0,0,0,0,0,80,1,0,0,1,0,0,1.96,255.5059224,18.298509,47.086
Averrhoa bilimbi,0,4,4,0,1,0,1,1,0,1,1,0,0,5,0.122,0,0,0,1,0,0,0,0,0,2,0,0,1,0,1,0,15,253.2204425,80.271315,47.189
Basella alba,0,21,20,1,1,0,1,1,0,1,1,0,1,7,0.284,0,0,0,1,0,0,0,0,0,17,0,0,1,1,1,1,10,252.6784817,79.030767,47.087
Bellis perennis,0,19,15,0,1,0,0,0,0,0,1,0,0,2,0.2,1,1,1,0,0,0,0,0,0,53,0,1,0,1,1,1,0.312,229.0876766,9.289131,42.747
Bidens frondosa,1,4,16,0,0,0,0,0,0,0,1,0,0,1,0.294,0,0,0,0,0,0,1,0,0,59,1,0,0,1,0,0,2.38,229.5154918,5.149984,42.828
Blechum pyramidatum,0,0,0,0,0,0,0,0,0,0,1,0,0,1,0.122,0,0,0,0,0,0,1,1,0,33,0,1,0,1,0,0,0.9,231.6341149,18.246547,43.556
Borago officinalis,1,4,5,0,1,0,1,1,1,1,1,1,0,7,0.2,1,1,0,0,0,0,0,0,0,15,1,0,0,1,1,1,1,238.0758322,27.124818,44.597
Briza minor,0,1,1,1,1,0,0,0,0,0,1,0,0,3,0.244,1,1,1,0,0,0,0,0,0,28,1,0,0,1,0,0,0.6,255.5098633,7.505118,47.087
Bromus arvensis,0,0,0,1,1,0,0,0,0,0,1,0,0,3,0.138,1,0,1,0,0,0,0,0,0,20,1,0,0,1,0,0,1,255.4562483,1.80641,47.078
Cameraria latifolia,0,0,0,0,0,0,0,0,0,1,1,1,0,3,0.124,0,0,0,0,0,0,1,1,0,7,0,0,1,NA,NA,NA,10,236.0833554,61.789008,44.21
Cannabis sativa,1,14,26,1,0,1,0,1,0,1,1,1,1,7,0.401,1,0,1,1,0,0,0,0,0,9,1,0,0,1,1,1,6,249.6991277,32.289246,46.479
Capsicum annuum,0,25,31,0,1,0,1,1,0,1,1,1,1,7,0.287,0,0,0,1,0,0,1,1,0,16,0,0,1,1,1,1,6,238.6620333,28.582925,44.657
Carthamus tinctorius,0,14,21,1,1,0,1,1,1,1,1,0,0,7,0.303,0,0,1,0,0,0,0,0,0,2,1,0,0,1,0,0,1.5,230.0241483,11.966854,42.944
Casuarina equisetifolia,0,18,12,1,1,1,0,1,0,1,1,0,1,7,0.192,0,0,0,1,1,1,0,0,0,31,0,0,1,1,1,1,35,251.9891856,169.544931,46.961
Celosia argentea,0,24,18,1,1,0,1,1,0,1,1,1,1,8,0.295,0,1,0,0,0,0,0,0,0,26,0,1,0,1,1,1,2,251.7074401,31.068149,46.871
Centaurea solstitialis,0,1,1,0,0,0,0,0,0,0,1,1,0,2,0.245,1,1,1,0,0,0,0,0,0,47,0,1,0,1,0,0,2.4,230.0232434,6.223044,42.943
Cestrum nocturnum,0,20,14,0,1,0,0,0,1,1,1,1,0,5,0.165,0,0,0,0,0,0,1,1,0,16,0,0,1,1,1,1,5,238.7437387,75.163091,44.679
Chenopodium hybridum,1,3,2,0,0,0,0,0,0,0,1,0,0,1,0.144,1,0,1,1,0,0,0,0,0,49,0,0,1,1,0,0,2.2,251.588981,1.471266,46.838
Chenopodium polyspermum,0,0,0,0,0,0,0,0,0,0,0,0,0,0,0.116,1,0,1,0,0,0,0,0,0,40,1,0,0,1,0,0,1,251.6132266,38.085361,46.845
Cichorium intybus,1,6,10,1,0,0,1,1,0,0,1,1,1,6,0.311,1,1,1,1,0,0,0,0,0,62,0,1,0,1,0,0,1.7,229.9075923,29.531331,42.922
Cissus verticillata,0,9,9,0,1,0,0,0,0,1,1,0,0,3,0.119,0,0,0,0,0,0,1,1,0,47,0,0,1,1,1,1,10,255.2965712,9.869516,47.595
Clibadium surinamense,0,0,0,0,0,0,0,0,0,1,1,1,0,3,0.106,0,0,0,0,0,0,0,1,0,18,0,0,1,1,0,0,5,229.5167245,5.519651,42.828
Clinopodium vulgare,0,0,1,0,1,0,0,0,1,0,1,0,0,3,0.197,1,1,1,1,0,0,0,0,0,57,0,1,0,1,1,1,0.8,230.5511991,0.476786,43.372
Clitoria ternatea,1,12,9,1,1,0,1,1,0,1,1,1,0,7,0.128,0,1,1,1,0,0,0,0,0,36,0,1,0,1,1,1,5,247.1702784,29.505985,45.987
Conium maculatum,0,2,2,0,1,0,0,0,0,0,1,1,0,3,0.304,1,1,1,1,0,0,0,0,0,61,0,1,0,1,1,1,3,237.8890602,30.856869,44.521
Corchorus olitorius,1,6,11,1,1,0,1,1,0,1,1,1,0,7,0.206,0,1,1,1,0,0,0,0,0,60,0,0,1,1,0,0,3,251.8895913,17.57725,46.947
Coreopsis lanceolata,1,11,12,0,1,0,0,0,0,0,0,0,0,1,0.124,0,0,0,0,0,0,1,0,0,28,0,1,0,1,1,1,1,229.5158211,10.052647,42.828
Coriandrum sativum,0,17,25,1,1,0,1,1,0,1,1,0,1,7,0.356,0,0,1,1,0,0,0,0,0,9,0,1,0,1,0,0,1.2,237.7783433,17.247506,44.504
Cota tinctoria,0,4,4,0,1,0,0,0,0,1,1,0,0,3,0.124,1,0,1,0,0,0,0,0,0,54,1,0,0,1,1,1,0.9,232.694932,90.519268,43.451
Crotalaria incana,0,2,2,0,1,0,0,1,0,1,1,1,0,5,0.138,0,0,0,0,0,0,1,1,0,45,0,0,1,1,0,0,3.5,247.7997703,18.58016,46.112
Crotalaria juncea,0,4,8,1,1,0,0,1,0,1,1,1,1,7,0.236,0,0,1,1,0,0,0,0,0,12,0,0,1,0,1,0,3,247.7971158,4.695162,46.111
Cucumis melo,0,13,29,1,1,1,1,1,1,1,1,1,1,10,0.24,0,1,1,1,1,1,0,0,0,48,0,1,0,1,1,1,3,251.0346439,16.82133,46.833
Datura metel,1,17,14,0,1,0,1,1,0,1,1,1,1,7,0.246,0,0,0,0,0,0,1,1,0,9,0,0,1,1,1,1,3.5,238.6663476,37.546427,44.658
Datura stramonium,1,20,17,0,1,1,0,1,0,1,1,1,1,7,0.29,0,0,0,0,0,0,1,1,0,22,0,0,1,1,1,1,2,238.6663476,37.546427,44.658
Daucus carota,1,13,12,1,0,0,1,1,0,1,1,1,0,6,0.301,1,1,1,1,0,0,0,0,0,61,0,1,0,1,0,0,1.5,237.9769223,16.171622,44.535
Digitalis lutea,0,3,3,0,0,0,0,0,0,0,1,0,0,1,0.111,1,0,0,0,0,0,0,0,0,7,0,1,0,1,1,1,1.2,232.6060996,61.310865,43.702
Digitalis purpurea,0,14,14,0,1,0,0,0,0,1,1,1,0,4,0.2,1,1,0,0,0,0,0,0,0,15,0,1,0,1,1,1,1.8,232.6060996,61.310865,43.702
Diodia virginiana,0,0,1,0,0,0,0,0,0,0,0,0,0,0,0.171,0,0,0,0,0,0,1,1,0,27,0,0,1,1,0,0,0.8,235.8340251,13.972558,44.172
Duranta erecta,0,19,14,0,1,0,0,0,0,1,1,1,0,4,0.138,0,0,0,0,0,0,1,1,0,42,0,0,1,1,1,1,7,232.0629656,51.707991,43.622
Elaeocarpus serratus,0,11,9,0,1,0,0,1,0,1,1,0,0,4,0.12,0,0,0,1,0,0,0,0,0,4,0,0,1,1,1,1,20,253.03805,3.136676,47.159
Erigeron bonariensis,1,10,9,1,1,0,0,1,1,1,1,1,0,7,0.253,0,0,1,0,1,0,1,1,0,47,1,0,0,1,0,0,1.5,229.0761607,4.326929,42.745
Erigeron canadensis,1,18,13,0,0,1,0,1,0,1,1,1,0,5,0.418,0,0,1,0,0,0,1,1,0,99,1,0,0,1,0,0,2,229.0761607,4.326929,42.745
Erigeron philadelphicus,1,1,2,0,0,0,0,0,0,0,1,0,0,1,0.338,0,0,0,0,0,0,1,0,0,59,0,1,0,1,0,0,0.9,229.0722498,1.812127,42.745
Eryngium foetidum,1,9,8,1,0,0,0,1,0,1,1,1,0,5,0.137,0,0,0,1,0,0,1,1,0,35,0,1,0,1,0,0,0.9,238.719315,30.845478,44.657
Erythrina corallodendron,0,13,11,0,1,0,0,0,0,1,1,0,0,3,NA,0,0,0,0,0,0,0,1,0,6,0,0,1,1,1,1,9,246.9424404,8.263476,45.932
Eupatorium cannabinum,0,4,5,0,1,0,0,0,0,1,1,0,0,3,0.143,1,1,1,1,0,0,0,0,0,56,0,1,0,1,1,1,1.8,229.4999168,2.157808,42.825
Euphorbia antiquorum,1,21,15,0,1,1,0,1,0,1,1,1,0,6,0.07,0,0,0,1,0,0,0,0,0,13,0,0,1,1,1,1,10,251.8202842,4.809338006,46.921
Euphorbia heterophylla,1,10,10,1,1,0,1,1,0,1,1,1,1,8,0.286,0,0,0,0,0,0,1,1,0,68,0,1,0,1,0,0,2,251.8198387,20.98808801,46.921
Euphorbia hirta,1,15,9,1,0,0,0,1,0,1,1,1,0,5,0.231,0,0,0,0,0,0,1,1,0,55,0,1,0,1,0,0,0.75,251.8184035,9.799000006,46.92
Euphorbia hypericifolia,1,6,6,0,0,0,0,0,0,0,1,0,0,1,0.187,0,0,0,0,0,0,1,1,0,53,0,0,1,1,1,1,0.7,251.8180094,5.287254006,46.92
Euphorbia hyssopifolia,0,0,0,0,0,0,0,0,0,0,1,0,0,1,0.227,0,0,0,0,0,0,1,1,0,53,0,1,0,1,0,0,0.8,251.8182653,9.157758006,46.92
Euphorbia maculata,1,5,6,0,0,0,0,0,0,0,1,1,0,2,0.326,0,0,0,0,0,0,1,1,0,54,1,0,0,1,0,0,0.45,251.8179765,4.868440006,46.92
Euphorbia peplus,1,4,4,1,0,0,0,1,0,0,1,1,0,4,0.199,1,1,1,1,0,0,0,0,0,62,1,0,0,1,0,0,0.4,251.8059869,21.760058,46.918
Euphorbia tirucalli,1,20,14,1,1,1,0,1,1,1,1,1,1,9,0.113,0,1,0,1,0,0,0,0,0,29,0,0,1,1,1,1,10,251.8216337,26.387404,46.921
Ficus religiosa,0,15,12,1,1,1,1,1,0,1,1,0,1,8,0.22,0,0,0,1,0,0,0,0,0,10,0,0,1,1,1,1,30,249.0544379,6.837522,46.342
Fumaria officinalis,0,2,3,0,0,0,0,0,0,0,1,0,0,1,0.199,1,1,1,0,0,0,0,0,0,49,1,0,0,1,1,1,1,263.7588982,14.687756,49.305
Gaura biennis,0,0,0,0,0,0,0,0,0,0,0,0,0,0,0.08,0,0,0,0,0,0,1,0,0,23,1,0,0,1,0,0,1.8,253.7687882,36.167,47.261
Geranium carolinianum,1,6,5,0,0,0,0,0,0,0,1,0,0,1,0.363,0,0,0,0,0,0,1,0,0,52,1,0,0,1,0,0,0.7,254.0177884,3.745364,47.33
Geranium dissectum,0,1,1,0,0,0,0,0,0,0,0,0,0,0,0.213,1,1,1,0,0,0,0,0,0,57,1,0,0,1,0,0,0.8,254.0202282,14.31321,47.331
Geranium molle,0,0,0,0,0,0,0,0,0,0,1,0,0,1,0.203,1,1,1,0,0,0,0,0,0,56,0,1,0,1,1,1,1.8,254.0202282,14.31321,47.331
Geranium pusillum,0,1,1,0,0,0,0,0,0,0,1,0,0,1,0.181,1,1,1,1,0,0,0,0,0,54,0,1,0,1,1,1,0.5,254.0249709,24.201042,47.333
Gomphrena globosa,0,23,19,0,1,0,1,1,0,1,1,0,1,6,0.294,0,0,0,0,0,0,1,1,0,16,1,0,0,1,0,0,1.2,251.6972438,37.736921,46.868
Gomphrena serrata,0,1,1,0,0,0,0,0,0,0,1,0,0,1,0.186,0,0,0,0,1,0,1,1,0,28,0,1,0,1,0,0,1,251.6972438,37.736921,46.868
Haematoxylum campechianum,0,4,3,0,1,1,0,1,1,1,1,0,0,6,0.126,0,0,0,0,0,0,1,1,0,5,0,0,1,1,1,1,8,249.1096113,94.728907,46.374
Helenium autumnale,1,7,7,0,1,0,0,0,0,0,1,1,0,3,0.267,0,0,0,0,0,0,1,0,0,55,0,1,0,1,1,1,1.8,229.5137601,24.836633,42.828
Helianthus tuberosus,0,14,22,1,0,1,1,1,0,0,1,1,0,6,0.236,0,0,0,0,0,0,1,0,0,50,0,1,0,1,1,1,3,229.5180827,14.044105,42.829
Heliotropium europaeum,0,0,0,0,0,0,0,0,0,0,1,1,0,2,0.244,1,1,1,1,0,0,0,0,0,46,0,1,0,1,0,0,0.6,238.6058218,20.1856,44.692
Hibiscus cannabinus,0,0,0,1,1,1,1,1,0,1,1,0,1,8,0.149,0,1,1,0,0,0,0,0,0,39,0,1,0,1,1,1,4.7,251.7557912,6.583444,46.924
Hibiscus trionum,1,9,9,0,1,0,0,1,0,0,1,0,0,3,0.332,1,1,1,1,0,0,0,0,0,32,0,1,0,1,0,0,1.5,251.755868,17.195132,46.924
Hypochaeris glabra,0,0,0,0,0,0,0,0,0,0,1,0,0,1,0.187,1,1,1,0,0,0,0,0,0,42,0,1,0,1,0,0,0.6,229.7651038,13.21011,42.897
Hypochaeris radicata,0,1,1,0,0,0,0,0,0,0,1,0,0,1,0.214,1,1,1,1,0,0,0,0,0,44,0,1,0,1,0,0,0.83,229.7650578,12.513346,42.897
Impatiens balsamina,0,23,16,0,1,0,1,1,0,1,1,1,0,6,0.269,0,0,0,1,0,0,0,0,0,2,1,0,0,1,0,0,1,245.5170844,45.575278,46.026
Ipomoea alba,1,5,7,0,1,0,0,1,0,1,1,1,0,5,0.19,0,0,0,0,0,0,1,1,0,41,0,0,1,1,0,0,30,238.5311765,16.42898,44.641
Ipomoea hederifolia,0,2,2,0,1,0,0,0,0,0,1,0,0,2,0.246,0,0,0,0,0,0,1,1,0,44,1,0,0,1,1,1,5,238.5311765,16.42898,44.641
Ipomoea lacunosa,1,1,2,0,0,0,1,0,0,0,0,0,0,1,0.241,0,0,0,0,0,0,1,0,0,21,1,0,0,1,1,1,4.7,238.5313633,19.687664,44.641
Ipomoea quamoclit,1,21,16,0,1,0,0,1,0,1,1,0,1,5,0.273,0,0,0,0,0,0,1,1,0,12,1,0,0,1,0,0,6,238.5311765,16.42898,44.641
Ipomoea triloba,1,5,6,0,0,0,1,0,1,0,1,0,0,3,0.261,0,0,0,0,0,0,1,1,0,31,0,1,0,1,1,1,3,238.5313633,19.687664,44.641
Iris pseudacorus,0,13,15,0,1,0,0,1,0,1,1,1,0,5,0.226,1,1,1,0,0,0,0,0,0,51,0,1,0,1,1,1,1.8,264.720223,12.951348,49.196
Jatropha curcas,0,16,13,1,1,1,1,1,0,1,1,1,0,8,0.158,0,0,0,0,0,0,1,1,0,36,0,0,1,1,1,1,15,251.941468,30.863018,46.946
Jatropha gossypiifolia,0,6,6,0,1,1,0,1,0,1,1,1,1,7,0.12,0,0,0,0,0,0,1,1,0,41,0,0,1,1,0,0,3,251.941468,30.863018,46.946
Justicia adhatoda,0,17,13,0,1,1,0,0,0,1,1,1,0,5,0.316,0,0,1,1,0,0,0,0,0,11,0,0,1,1,1,1,4,231.6738707,33.536145,43.561
Lactuca sativa,0,14,31,1,0,0,1,1,0,0,1,1,0,5,0.316,0,1,1,0,0,0,0,0,0,3,0,1,0,1,0,0,1.2,229.7698061,0.831322,42.898
Lamium purpureum,0,1,1,0,0,0,0,0,0,0,1,0,0,1,0.208,1,1,1,0,0,0,0,0,0,51,1,0,0,1,1,1,0.45,230.5922083,1.474886,43.381
Lantana camara,1,22,16,1,1,1,1,1,1,1,1,1,1,10,0.237,0,1,0,0,0,0,1,1,0,35,0,0,1,1,1,1,15,232.0615848,30.825617,43.621
Lathyrus latifolius,0,2,4,0,1,0,1,0,0,0,0,1,0,3,0.226,1,1,0,0,0,0,0,0,0,23,0,1,0,1,1,1,3,246.0052299,10.965892,45.765
Lepidium sativum,0,0,2,0,1,1,1,1,0,1,1,1,0,7,0.354,1,1,1,1,0,0,0,0,0,42,1,0,0,1,0,0,1,250.8828528,10.484766,46.68
Lepidium virginicum,1,7,6,0,0,0,0,0,0,0,1,0,0,1,0.33,0,0,0,0,0,0,1,1,0,71,0,1,0,1,0,0,0.9,250.8828528,10.484766,46.68
Linum usitatissimum,0,8,20,1,0,1,0,1,0,1,1,1,0,6,0.275,0,0,1,0,0,0,0,0,0,6,1,0,0,1,1,1,1.2,252.5839808,31.889274,47.062
Lobelia siphilitica,0,2,3,0,1,0,0,0,0,0,1,1,0,3,0.173,0,0,0,0,0,0,1,0,0,40,0,1,0,1,1,1,1.5,238.9951255,24.13546,44.655
Mangifera indica,0,19,13,1,1,1,1,1,0,1,1,1,1,9,0.174,0,0,0,1,0,0,0,1,0,5,0,0,1,1,1,1,45,252.6567486,20.591669,47.055
Martynia annua,1,2,2,0,1,0,0,0,0,1,1,0,0,3,0.189,0,0,0,0,0,0,1,1,0,20,0,1,0,1,1,1,2.5,231.9922794,87.699153,43.611
Medicago polymorpha,1,6,10,1,1,0,0,1,0,0,1,1,0,5,0.259,1,1,1,1,0,0,0,0,0,51,0,1,0,1,1,1,1.05,246.0264256,11.205908,45.772
Medicago sativa,1,9,23,1,1,1,1,1,1,1,1,1,1,10,0.423,1,1,1,0,0,0,0,0,0,20,0,1,0,1,1,1,1,246.0260753,0.609326,45.772
Melothria pendula,0,0,0,0,0,0,0,0,0,0,1,0,0,1,0.235,0,0,0,0,0,0,1,1,0,61,0,1,0,1,0,0,4.7,251.0356938,26.452069,46.833
Mentha aquatica,0,1,2,0,1,0,1,1,0,1,1,0,0,5,0.184,1,1,1,0,0,0,0,0,0,69,0,1,0,0,1,0,1,230.5531459,4.814218,43.372
Mimosa pigra,1,4,3,1,1,1,0,1,0,1,1,0,1,7,0.108,0,1,0,0,0,0,1,1,0,74,0,0,1,1,1,1,9,249.0431557,48.335187,46.36
Mimosa pudica,1,23,17,1,1,0,0,1,0,0,1,0,0,4,0.177,0,0,0,0,0,0,1,1,0,33,0,0,1,1,1,1,20,249.0431547,48.335186,46.36
Mirabilis jalapa,1,24,19,0,1,0,0,1,0,1,1,1,1,6,0.278,0,0,0,0,0,0,1,1,0,11,0,0,1,1,1,1,2,252.6327839,11.798599,47.078
Momordica charantia,0,16,23,0,1,0,1,1,0,1,1,1,0,6,0.191,0,1,0,1,1,1,0,0,0,67,0,1,0,1,0,0,8,251.0537515,14.35009,46.837
Monarda fistulosa,0,5,6,0,1,0,0,0,0,0,1,0,0,2,0.18,0,0,0,0,0,0,1,0,0,51,0,0,1,1,1,1,1.5,230.5517397,0.006331,43.372
Muntingia calabura,0,6,6,0,1,1,0,1,0,1,1,0,0,5,0.106,0,0,0,0,0,0,1,1,0,20,0,0,1,1,1,1,15,252.2669026,122.876319,47.013
Nymphaea alba,0,12,9,0,1,0,0,0,0,0,1,0,0,2,0.125,1,1,1,1,0,0,0,0,0,45,0,1,0,1,1,1,2.5,280.9826587,0.992678,52.342
Ocimum basilicum,0,16,13,1,1,0,1,1,0,1,1,1,1,8,0.271,0,0,0,1,1,0,0,0,0,26,0,0,1,1,1,1,9,230.6076193,14.442427,43.383
Ocimum gratissimum,0,12,12,1,1,0,0,1,1,1,1,1,1,8,0.123,0,1,1,1,0,0,0,0,0,56,0,0,1,1,1,1,3,230.6076183,14.442426,43.383
Ocimum tenuiflorum,0,2,3,0,0,0,0,1,0,1,1,1,1,5,0.204,0,0,0,1,1,1,0,0,0,32,0,0,1,1,1,1,1,230.6076193,14.442427,43.383
Oenothera biennis,1,5,10,0,1,0,0,0,0,0,1,0,0,2,0.253,0,0,0,0,0,0,1,0,0,10,0,1,0,1,1,1,2.4,253.7687892,36.167001,47.261
Oenothera parviflora,1,1,1,0,0,0,0,0,0,0,0,0,0,0,0.161,0,0,0,0,0,0,1,0,0,7,0,1,0,1,1,1,2,253.7687882,36.167,47.261
Oxalis barrelieri,0,0,0,0,0,0,0,1,0,0,0,1,0,2,0.098,0,0,0,0,0,0,0,1,0,21,0,1,0,1,1,1,1,253.2113363,45.669317,47.187
Oxalis pes-caprae,0,5,7,0,1,0,1,1,1,0,1,1,0,6,0.187,0,1,0,0,0,0,1,0,0,3,0,1,0,1,1,1,0.56,253.2113363,45.669317,47.187
Papaver rhoeas,0,20,18,0,1,0,0,1,0,0,1,1,0,4,0.225,1,1,1,1,0,0,0,0,0,60,1,0,0,1,1,1,1.2,265.2337975,40.435076,49.514
Parthenium hysterophorus,1,3,4,0,0,0,0,0,0,0,1,1,0,2,0.237,0,0,0,0,0,0,1,1,0,40,1,0,0,1,0,0,1.2,229.5179418,11.912653,42.829
Passiflora caerulea,0,14,13,0,1,0,1,1,0,1,1,0,0,5,0.149,0,0,0,0,0,0,0,1,0,7,0,1,0,1,1,1,12,252.2914104,42.892995,47.014
Passiflora foetida,1,9,8,1,1,0,1,1,0,1,1,1,1,8,0.151,0,0,0,0,0,0,1,1,0,44,0,1,0,1,1,1,9,252.2914104,42.892995,47.014
Passiflora laurifolia,0,2,1,0,1,0,1,1,0,1,1,1,0,6,0.118,0,0,0,1,0,0,0,1,0,17,0,1,0,1,1,1,10,252.2914104,42.892995,47.014
Passiflora quadrangularis,0,7,7,0,1,0,1,1,0,0,1,1,0,5,0.105,0,0,0,0,0,0,0,1,0,6,0,1,0,1,1,1,15,252.2914104,42.892995,47.014
Passiflora suberosa,1,6,6,0,1,0,0,0,0,0,1,0,0,2,0.131,0,0,0,0,0,0,1,1,0,46,0,1,0,1,1,1,10,252.2852909,27.467569,47.013
Petiveria alliacea,0,1,1,0,0,0,0,1,0,0,1,1,1,4,0.199,0,0,0,0,0,0,1,1,0,42,0,0,1,1,1,1,2,252.6713687,140.666647,47.086
Phaseolus coccineus,0,5,17,1,1,0,1,1,0,0,1,1,0,6,0.235,0,0,0,0,0,0,1,1,0,12,0,1,0,1,0,0,6,246.9341579,22.441554,45.931
Phaseolus vulgaris,0,12,31,1,1,0,1,1,0,0,1,1,0,6,0.261,0,0,0,0,0,0,1,1,0,11,1,0,0,1,0,0,4.7,246.9341579,22.441554,45.931
Phyllanthus niruri,0,0,5,1,0,0,0,0,0,1,1,1,0,4,0.11,0,0,0,0,0,0,1,1,0,31,1,0,0,1,0,0,1,251.9284692,31.193124,46.93
Physalis angulata,1,7,6,0,0,0,1,1,0,1,1,0,1,5,0.28,0,0,0,0,0,0,1,1,0,50,1,0,0,1,0,0,1,238.658633,15.03231,44.656
Physalis peruviana,1,1,4,0,1,0,1,1,0,1,1,1,0,6,0.204,0,0,0,0,0,0,0,1,0,3,0,0,1,1,1,1,2,238.658634,15.032311,44.656
Physalis pubescens,1,0,2,1,0,0,1,1,0,1,1,0,0,5,0.297,0,0,0,0,0,0,1,1,0,54,1,0,0,1,0,0,1,238.658634,15.032311,44.656
Phytolacca americana,1,20,15,0,1,0,1,1,0,1,1,1,0,6,0.294,0,0,0,0,0,0,1,0,0,48,0,0,1,1,1,1,7,252.6596935,22.949533,47.082
Plantago virginica,1,5,4,0,0,0,0,0,0,0,1,0,0,1,0.31,0,0,0,0,0,0,1,0,0,44,1,0,0,1,0,0,0.9,232.5835358,7.251442,43.694
Polygala paniculata,0,1,2,0,0,0,0,1,0,0,1,0,1,3,0.11,0,0,0,0,0,0,1,1,0,33,1,0,0,1,0,0,0.5,250.8767378,74.182934,46.725
Psidium guajava,0,19,13,1,1,1,1,1,1,1,1,1,0,9,0.138,0,0,0,0,0,0,1,1,0,35,0,0,1,1,1,1,13,253.7312145,57.902771,47.296
Punica granatum,0,26,26,0,1,1,1,1,0,1,1,1,1,8,0.298,0,0,1,1,0,0,0,0,0,9,0,0,1,1,1,1,10,253.871772,86.679022,47.297
Ranunculus arvensis,0,1,2,0,0,0,0,0,0,0,1,0,0,1,0.267,1,1,1,1,0,0,0,0,0,55,1,0,0,1,0,0,0.6,260.4466944,14.47403,48.675
Ranunculus muricatus,1,1,1,0,0,0,0,0,0,0,1,0,0,1,0.265,1,1,1,1,0,0,0,0,0,43,0,1,0,1,0,0,0.6,260.4452278,9.134612,48.674
Raphanus raphanistrum,1,0,1,0,0,0,1,1,0,0,1,1,0,4,0.242,1,1,1,0,0,0,0,0,0,57,1,0,0,1,0,0,1.5,250.9211471,43.699975,46.691
Rauvolfia tetraphylla,0,9,9,0,0,0,0,0,0,1,1,0,0,2,0.122,0,0,0,0,0,0,1,1,0,26,0,0,1,1,1,1,2.5,236.0641472,13.925619,44.207
Reseda lutea,1,1,1,0,0,0,0,0,0,0,0,0,0,0,0.151,1,1,1,0,0,0,0,0,0,53,0,1,0,1,0,0,0.9,251.8679063,23.768254,46.896
Rhus typhina,1,12,16,0,1,0,0,0,0,1,1,0,0,3,0.149,0,0,0,0,0,0,1,0,0,9,0,0,1,1,1,1,13.7,252.6497734,21.945872,47.053
Ribes nigrum,0,4,11,0,0,0,1,1,0,1,1,0,0,4,0.191,1,0,1,0,0,0,0,0,0,34,0,0,1,0,1,0,2,254.9802911,23.21696896,47.561
Ribes uva-crispa,0,2,7,0,0,0,1,1,0,1,1,0,0,4,0.12,1,1,1,0,0,0,0,0,0,23,0,0,1,0,1,0,2,254.9571566,19.36425818,47.556
Richardia scabra,1,0,10,0,0,0,0,0,0,0,1,0,0,1,0.215,0,0,0,0,0,0,1,1,0,38,1,0,0,1,0,0,1.5,235.8339991,13.187922,44.172
Ricinus communis,1,23,27,1,1,1,0,1,0,1,1,1,1,8,0.247,0,1,0,0,0,0,0,0,0,3,0,0,1,1,0,0,10,251.9294868,64.349251,46.942
Rivina humilis,1,9,7,1,1,0,0,0,1,0,1,1,0,5,0.215,0,0,0,0,0,0,1,1,0,51,0,0,1,1,1,1,10,252.6713687,140.666647,47.086
Robinia pseudoacacia,1,19,23,0,1,1,0,1,1,1,1,1,0,7,0.297,0,0,0,0,0,0,1,0,0,7,0,0,1,1,1,1,30,247.0202046,92.516857,45.968
Rosmarinus officinalis,0,11,10,1,1,0,0,1,1,1,1,0,0,6,0.173,1,1,1,0,0,0,0,0,0,21,0,0,1,1,1,1,2.4,230.6049489,14.035278,43.382
Rudbeckia hirta,0,17,15,0,1,0,0,0,0,0,1,1,0,3,0.259,0,0,0,0,0,0,1,0,0,25,0,1,0,1,1,1,1.2,232.694932,90.519268,43.451
Rudbeckia laciniata,0,13,13,0,1,0,0,0,0,0,1,1,0,3,0.206,0,0,0,0,0,0,1,0,0,51,0,1,0,1,1,1,3,232.694932,90.519268,43.451
Ruellia tuberosa,0,2,3,0,1,0,0,0,0,0,1,0,0,2,0.166,0,0,0,0,0,0,1,1,0,28,0,1,0,1,1,1,0.7,231.6341738,18.840415,43.556
Salix fragilis,0,3,6,0,0,0,0,0,0,0,0,0,0,0,0.159,0,0,1,0,0,0,0,0,0,1,0,0,1,1,1,1,25,250.9986284,5.07072,46.797
Salvia lyrata,0,2,3,0,0,0,0,0,0,0,1,0,0,1,0.136,0,0,0,0,0,0,1,0,0,12,0,1,0,1,1,1,0.6,230.6051307,19.533524,43.382
Saponaria officinalis,0,11,12,0,1,0,0,0,0,0,1,1,0,3,0.266,1,0,1,0,0,0,0,0,0,34,0,1,0,1,1,1,1,251.553654,44.063135,46.85
Scoparia dulcis,1,8,8,1,0,0,0,1,0,1,1,1,1,6,0.16,0,0,0,0,0,0,1,1,0,52,0,0,1,1,1,1,1.5,232.7806875,71.610003,43.739
Securigera varia,1,4,8,1,1,0,0,0,0,0,1,1,0,4,0.187,1,0,1,0,0,0,0,0,0,28,0,1,0,1,1,1,1.25,247.0079637,46.503039,45.966
Senecio vulgaris,1,1,1,0,0,0,0,0,0,0,1,1,0,2,0.281,1,1,1,1,0,0,0,0,0,73,0,1,0,1,0,0,0.785,229.1007378,0.89343,42.762
Sherardia arvensis,1,0,0,0,0,0,0,0,0,0,0,0,0,0,0.225,1,1,1,0,0,0,0,0,0,60,1,0,0,1,0,0,0.4,235.7395911,13.736096999999999,44.147
Sicyos angulatus,1,0,3,0,0,0,0,0,0,0,1,0,0,1,0.261,0,0,0,0,0,0,1,0,0,36,1,0,0,1,0,0,10,251.0339698,37.318512,46.833
Sida spinosa,0,0,1,1,0,0,1,1,0,1,1,0,0,5,0.26,0,1,1,1,0,0,1,1,0,109,0,0,1,1,0,0,2,251.7567037,4.532582,46.923
Silene gallica,1,3,3,0,0,0,0,0,0,0,1,0,0,1,0.245,1,1,1,0,0,0,0,0,0,37,1,0,0,1,1,1,0.75,251.3116791,15.454683,46.809
Silphium perfoliatum,1,7,9,0,0,0,0,0,0,0,1,0,0,1,0.15,0,0,0,0,0,0,1,0,0,34,0,1,0,1,0,0,3,232.694932,90.519268,43.451
Sinapis alba,0,3,6,1,1,1,1,1,0,0,1,1,0,7,0.243,1,1,1,1,0,0,0,0,0,57,0,1,0,1,0,0,2.2,250.9212811,42.796182,46.691
Sisymbrium altissimum,0,0,0,0,0,0,0,0,0,0,1,0,0,1,0.381,1,0,1,1,0,0,0,0,0,34,1,0,0,1,0,0,1.6,250.9146873,19.962532,46.689
Sisymbrium orientale,0,0,0,0,0,0,0,0,0,0,0,0,0,0,0.243,1,1,1,1,0,0,0,0,0,36,0,1,0,1,0,0,1.3,250.9144819,19.105678,46.689
Solanum carolinense,1,0,0,0,0,0,0,0,0,0,1,1,0,2,0.211,0,0,0,0,0,0,1,1,0,49,0,0,1,1,1,1,1.2,238.6544173,12.884888,44.654
Solanum diphyllum,1,0,0,0,1,0,0,0,0,0,0,0,0,1,0.182,0,0,0,0,0,0,1,1,0,11,0,0,1,1,0,0,2,238.6564971,20.107388,44.655
Solanum mammosum,0,10,7,0,1,0,1,1,0,0,1,1,1,6,0.15,0,0,0,0,0,0,0,1,0,22,0,0,1,1,1,1,2,238.6549438,14.152038,44.654
Solanum pseudocapsicum,1,20,15,0,1,0,0,0,0,1,1,1,0,4,0.247,0,0,0,0,0,0,0,1,0,12,0,0,1,1,1,1,2,238.6564971,20.107388,44.655
Solidago altissima,0,1,2,0,1,0,0,0,0,0,0,0,0,1,0.27,0,0,0,0,0,0,1,0,0,55,0,1,0,1,1,1,1.8,229.0825868,0.997268,42.746
Solidago canadensis,1,9,8,0,1,0,0,0,1,0,1,0,0,3,0.2,0,0,0,0,0,0,1,0,0,57,0,1,0,1,1,1,2.5,229.0825618,0.603712,42.746
Sonchus arvensis,0,0,0,0,0,0,0,0,0,0,1,0,0,1,0.209,1,0,1,0,0,0,0,0,0,60,0,1,0,1,0,0,2,229.7997947,6.266257,42.902
Sonchus oleraceus,0,10,13,1,0,0,1,1,0,1,1,0,0,5,0.282,1,1,1,0,0,0,0,0,0,73,0,1,0,1,0,0,3,229.7997947,6.266257,42.902
Stachys arvensis,1,1,1,0,0,0,0,0,0,0,1,1,0,2,0.18,1,1,1,0,0,0,0,0,0,35,0,1,0,1,1,1,0.6,230.5994838,20.618196,43.382
Symphytum officinale,1,7,10,1,1,0,1,1,0,1,1,1,0,7,0.178,1,0,1,0,0,0,0,0,0,31,0,1,0,1,1,1,1.5,238.0760391,33.382714,44.597
Tagetes erecta,1,24,22,1,1,0,0,1,0,1,1,1,1,7,0.278,0,0,0,0,0,0,1,1,0,8,0,0,1,1,1,1,1.8,229.5144614,25.758891,42.829
Tagetes minuta,1,0,2,0,1,0,0,1,0,1,1,1,0,5,0.252,0,0,0,0,0,0,0,1,0,11,1,0,0,1,0,0,3,229.5144614,25.758891,42.829
Tamarindus indica,0,13,10,1,1,1,1,1,1,1,1,1,1,10,0.115,0,1,0,0,0,0,0,0,0,1,0,0,1,1,1,1,25,249.8938142,80.403415,46.533
Tectona grandis,0,17,13,0,1,1,0,1,0,1,1,0,1,6,0.116,0,0,0,1,0,0,0,0,0,8,0,0,1,1,1,1,50,230.7937198,58.988045,43.414
Tragopogon porrifolius,0,2,4,0,1,0,0,1,0,0,1,0,0,3,0.249,1,1,1,1,0,0,0,0,0,27,1,0,0,1,0,0,1.8,230.1042641,2.890472,42.959
Tridax procumbens,1,4,4,1,1,0,1,1,0,1,1,0,0,6,0.167,0,0,0,0,0,0,1,1,0,32,0,1,0,1,0,0,0.5,229.5145018,16.411605,42.828
Trifolium alexandrinum,0,1,3,0,0,0,0,0,0,0,1,0,0,1,0.208,0,1,1,1,0,0,0,0,0,7,0,1,0,1,0,0,0.7,246.0307079,18.734706,45.774
Trifolium hybridum,1,4,6,1,1,0,0,0,1,0,1,1,0,5,0.246,1,1,1,0,0,0,0,0,0,19,0,1,0,1,1,1,0.9,246.0307079,18.734706,45.774
Trifolium incarnatum,0,3,6,1,1,0,1,1,1,0,0,1,0,6,0.251,1,0,1,0,0,0,0,0,0,30,1,0,0,1,0,0,1,246.0307079,18.734706,45.774
Trifolium pratense,1,10,14,1,1,0,1,1,1,0,1,1,0,7,0.311,1,1,1,1,0,0,0,0,0,66,0,1,0,1,1,1,1,246.0307079,18.734706,45.774
Trifolium repens,1,11,18,1,1,0,1,1,1,0,1,1,1,8,0.399,1,1,1,1,0,0,0,0,0,77,0,1,0,1,1,1,0.73,246.0307079,18.734706,45.774
Trifolium resupinatum,0,0,2,1,1,0,0,0,1,0,0,0,0,3,0.259,1,1,1,1,0,0,0,0,0,44,1,0,0,1,0,0,0.6,246.0307079,18.734706,45.774
Trifolium rubens,0,1,1,0,0,0,1,0,0,0,0,0,0,1,0.108,1,0,0,0,0,0,0,0,0,15,0,1,0,1,1,1,0.6,246.0307079,18.734706,45.774
Trigonella foenum-graecum,0,3,9,1,1,0,1,1,0,1,1,1,1,8,0.246,0,0,1,1,0,0,0,0,0,4,1,0,0,1,0,0,0.8,246.0279195,15.100936,45.773
Tropaeolum majus,0,21,19,0,1,0,1,1,0,1,1,0,0,5,0.229,0,0,0,0,0,0,0,1,0,1,0,1,0,1,1,1,3,252.5692844,142.218162,47.045
Turnera ulmifolia,0,7,5,1,1,0,0,0,0,0,1,0,0,3,0.139,0,0,0,0,0,0,1,1,0,25,0,0,1,1,1,1,1.5,252.3163431,94.799417,47.018
Ulex europaeus,0,1,3,1,1,1,0,1,0,1,1,0,0,6,0.149,1,0,0,0,0,0,0,0,0,11,0,0,1,1,1,1,4,247.8768879,79.972395,46.13
Verbena bonariensis,1,3,4,0,1,0,0,0,0,0,1,0,0,2,0.248,0,0,0,0,0,0,0,1,0,13,0,0,1,1,1,1,2.5,232.0600607,7.773987,43.621
Veronica arvensis,1,5,5,0,0,0,0,0,0,0,0,0,0,0,0.261,1,1,1,1,0,0,0,0,0,61,0,1,0,1,0,0,0.3,232.5136001,19.295626,43.684
Veronica hederifolia,1,0,0,0,0,0,0,0,0,0,0,0,0,0,0.173,1,1,1,0,0,0,0,0,0,55,1,0,0,1,0,0,0.6,232.5217426,29.433182,43.685
Waltheria indica,1,3,3,1,0,0,0,1,0,1,1,0,1,5,0.137,0,0,0,0,0,0,1,1,0,46,0,0,1,1,1,1,4,251.926636,76.722266,46.954
Xanthium spinosum,1,2,2,0,0,0,0,0,0,0,1,1,0,2,0.215,0,0,0,0,0,0,1,1,0,60,1,0,0,1,0,0,1.2,229.5174928,5.123049,42.829
Yucca gloriosa,0,16,12,0,1,0,0,0,0,1,1,0,0,3,0.193,0,0,0,0,0,0,1,0,0,7,0,0,1,1,1,1,5,264.3544412,34.425699,49.151
Malva cathayensis,0,12,12,0,0,0,0,0,0,0,0,0,0,0,NA,0,0,0,1,0,0,0,0,0,1,0,1,0,1,0,0,0.9,251.7607151,10.778835,46.924
Gomphrena celosioides,1,2,2,1,1,0,1,1,0,0,1,1,0,6,0.162,0,0,0,0,0,0,0,1,0,11,0,1,0,1,0,0,0.35,251.6972428,37.73692,46.868
Amaranthus dubius,1,0,6,1,0,0,1,1,0,0,1,0,0,4,0.159,0,0,0,0,0,0,1,1,0,13,1,0,0,1,0,0,1.5,251.7055988,8.69747,46.869
Passiflora morifolia,0,1,1,0,1,0,0,1,0,0,0,0,0,2,0.139,0,0,0,0,0,0,1,1,0,14,0,1,0,1,1,1,12,252.2852909,27.467569,47.013
Abutilon theophrasti,1,14,16,1,0,1,1,1,0,1,1,0,0,6,0.329,0,0,1,0,0,0,0,0,0,6,0,0,1,1,1,1,2,251.7570146,2.937496,46.924
Euphorbia dentata,1,1,1,0,0,0,0,0,0,0,1,0,0,1,0.293,0,0,0,0,0,0,1,1,0,25,0,0,1,1,1,1,0.6,251.8198387,20.98808801,46.921
Myriophyllum heterophyllum,0,0,0,0,1,0,0,0,0,0,0,0,0,1,0.26,0,0,0,0,0,0,1,1,0,12,0,1,0,1,1,1,1,255.5334285,21.772507,47.643
Plantago aristata,1,0,0,0,0,0,0,0,0,0,1,0,0,1,0.238,0,0,0,0,0,0,1,0,0,42,0,1,0,1,0,0,0.45,232.5863432,25.325956,43.696
Vallisneria americana,0,1,1,0,1,0,0,0,0,0,0,0,0,1,0.286,0,0,0,0,0,0,1,1,0,53,0,1,0,1,1,1,2,272.2880011,19.975364,50.654
Oenothera glazioviana,1,7,8,0,1,0,0,0,0,0,1,0,0,2,0.22,0,0,0,0,0,0,0,1,0,1,0,1,0,1,1,1,2,253.7687892,36.167001,47.261
Ageratum houstonianum,1,8,11,0,1,0,0,0,0,1,1,0,0,3,0.263,0,0,0,0,0,0,1,1,0,9,0,1,0,1,0,0,1,229.5031065,8.923455,42.826
Datura innoxia,1,9,9,0,1,0,0,1,0,1,1,1,1,6,0.253,0,0,0,0,0,0,1,1,0,22,0,1,0,1,1,1,3,238.6663476,37.546427,44.658
Foeniculum vulgare,0,13,22,1,1,0,1,1,0,1,1,0,0,6,0.257,1,1,1,1,0,0,0,0,0,46,0,1,0,1,0,0,2.5,237.8890602,30.856869,44.521
Indigofera suffruticosa,1,8,7,0,1,0,0,1,0,1,1,1,0,5,0.158,0,1,0,0,0,0,1,1,0,53,0,0,1,1,0,0,3,247.0992021,11.690298,45.981
Pereskia aculeata,0,13,10,0,1,0,0,1,0,0,1,0,0,3,0.127,0,0,0,0,0,0,0,1,0,13,0,0,1,1,1,1,15,252.6770651,57.606335,47.087
Solanum americanum,1,22,16,1,1,0,1,1,0,1,1,1,0,7,0.334,1,1,1,1,0,0,1,1,0,212,0,0,1,1,0,0,1.5,238.6570153,7.360622,44.655
Xanthium strumarium,1,21,15,0,0,0,0,1,0,0,1,0,0,2,0.405,1,0,0,0,0,0,1,1,0,88,1,0,0,1,0,0,2,229.5174928,5.123049,42.829
Emilia praetermissa,0,0,0,0,0,0,1,1,0,0,1,0,0,3,0.134,0,1,0,0,0,0,0,0,0,9,1,0,0,1,0,0,1.4,229.1189691,4.993655,42.765
Erigeron strigosus,1,0,0,0,0,0,0,0,0,0,1,0,0,1,0.259,0,0,0,0,0,0,1,0,0,57,0,1,0,1,0,0,1.2,229.072212,1.569866,42.745
Euphorbia cyathophora,1,2,2,0,0,0,0,0,0,0,0,0,0,0,0.309,0,0,0,0,0,0,1,1,0,61,0,1,0,1,1,1,2,251.8198387,20.98808801,46.921
Viola arvensis,0,1,1,0,0,0,0,0,0,0,1,0,0,1,0.144,1,1,1,0,0,0,0,0,0,51,1,0,0,1,0,0,0.5,251.8354576,14.819386,46.892
Bromus marginatus,0,0,0,1,1,0,1,0,0,0,0,0,0,3,0.324,0,0,0,0,0,0,1,1,0,34,0,1,0,1,1,1,1.219,255.458762,13.085276,47.079
Coreopsis tinctoria,1,15,14,0,1,0,0,1,0,0,1,0,1,4,0.322,0,0,0,0,0,0,1,1,0,56,0,1,0,1,0,0,1.5,229.5158211,10.052647,42.828
Callitriche peploides,0,0,0,0,0,0,0,0,0,0,0,0,0,0,0.17,0,0,0,0,0,0,1,1,0,15,0,0,1,NA,NA,NA,0.15,232.7818265,51.160266,43.739
Oenothera speciosa,1,4,6,0,1,0,0,0,0,0,0,0,0,1,0.274,0,0,0,0,0,0,1,0,0,6,0,0,1,1,1,1,1.2,253.7687892,36.167001,47.261
Spathodea campanulata,0,12,9,1,1,1,1,1,0,1,1,1,1,9,0.119,0,1,0,0,0,0,0,0,0,23,0,0,1,1,1,1,30,232.0524356,85.327672,43.621
Amaranthus standleyanus,0,0,1,0,0,0,0,0,0,0,0,0,0,0,0.169,0,0,0,0,0,0,0,1,0,6,1,0,0,1,0,0,0.7,251.7055988,8.69747,46.869
Agave sisalana,0,20,14,0,1,0,0,0,0,1,1,0,1,4,0.111,0,0,0,0,0,0,1,0,0,1,0,0,1,1,1,1,3,264.3544412,34.425699,49.151
Egeria densa,1,3,2,0,1,0,0,0,0,0,0,0,0,1,0.294,0,0,0,0,0,0,0,1,0,5,0,0,1,1,1,1,1,272.2851101,48.517903,50.653
Veronica persica,1,8,6,0,0,0,0,0,0,0,0,0,0,0,0.285,0,0,1,0,0,0,0,0,0,3,0,1,0,1,1,1,0.6,232.5107426,16.612894,43.683
Hyptis brevipes,1,0,0,0,0,0,0,1,0,0,1,0,0,2,0.116,0,0,0,0,0,0,1,1,0,23,0,1,0,1,0,0,1,230.6137255,26.477102,43.385
Trifolium aureum,0,1,1,1,0,0,0,1,0,0,1,0,0,3,0.137,1,1,1,0,0,0,0,0,0,38,1,0,0,1,1,1,0.5,246.0313793,25.503609,45.774
Sansevieria trifasciata,0,24,17,0,1,0,0,0,0,1,1,0,0,3,0.157,0,1,0,0,0,0,0,0,0,2,0,0,1,0,1,0,1.8,263.8121846,44.17253,49.062
Clarkia pulchella,0,1,1,0,1,0,0,0,0,0,0,0,0,1,0.211,0,0,0,1,0,0,1,0,0,8,1,0,0,1,0,0,0.61,253.7690581,44.329174,47.261
Euphorbia marginata,1,16,15,0,1,0,0,0,0,0,1,1,0,3,0.275,0,0,0,0,0,0,1,0,0,17,1,0,0,1,0,0,1.5,251.8198387,20.98808801,46.921
Gaillardia aristata,0,7,9,0,1,0,1,0,0,0,1,0,0,3,0.238,0,0,0,0,0,0,1,0,0,19,0,1,0,1,1,1,0.8,229.5137601,24.836633,42.828
Praxelis clematidea,1,2,3,0,0,0,0,0,0,0,1,0,0,1,0.136,0,0,0,0,0,0,0,1,0,10,0,0,1,1,0,0,0.6,229.5031923,9.4430789999999991,42.826
Schinus terebinthifolia,0,4,3,0,1,0,1,1,1,1,1,1,0,7,0.141,0,0,0,0,0,0,0,1,0,6,0,0,1,1,1,1,13,252.6562959,42.998571,47.055
Ptilimnium costatum,0,0,1,0,0,0,0,0,0,0,0,0,0,0,0.07,0,0,0,0,0,0,1,0,0,7,1,0,0,1,0,0,1.5,238.0301261,24.599549,44.543
Erigeron sumatrensis,0,3,4,0,0,0,0,1,1,1,1,0,1,5,0.217,0,0,0,0,0,0,1,1,0,23,1,0,0,1,0,0,2,229.0722441,1.80909,42.745
Bromus rigidus,0,1,1,0,0,0,0,0,0,0,0,0,0,0,0.221,1,1,1,0,0,0,0,0,0,32,1,0,0,1,0,0,0.8,255.458762,13.085276,47.079
Vicia villosa,1,1,10,1,1,0,1,1,0,0,1,1,0,6,0.294,1,1,1,0,0,0,0,0,0,48,0,1,0,1,0,0,1.5,246.0056209,8.076134,45.765
Ammannia coccinea,1,0,1,0,0,0,0,0,0,0,0,0,0,0,0.316,0,0,0,0,0,0,1,1,0,49,0,0,1,1,0,0,1.1,253.8490612,19.31728,47.291
Spermadictyon suaveolens,0,0,0,0,0,0,0,0,0,0,1,0,0,1,NA,0,0,0,1,0,0,0,0,0,6,0,0,1,1,1,1,3,235.7891416,15.257387,44.163
Dalbergia sissoo,0,5,6,1,1,1,0,1,0,1,1,1,0,7,0.269,0,0,1,1,0,0,0,0,0,10,0,0,1,1,0,0,12,247.8236482,6.208964,46.124
Galinsoga quadriradiata,1,5,4,0,0,0,1,1,0,0,1,0,0,3,0.266,1,0,0,0,0,0,1,1,0,24,1,0,0,1,0,0,1,229.5145018,16.411605,42.828
Amaranthus blitoides,1,0,3,0,0,0,0,0,0,0,1,0,0,1,0.327,0,0,0,0,0,0,1,0,0,16,0,1,0,1,0,0,1,251.705452,4.255352,46.869
Amaranthus palmeri,1,0,3,0,0,0,0,0,0,0,0,1,0,1,0.293,0,0,0,0,0,0,1,0,0,10,1,0,0,1,0,0,3,251.7056096,9.02271,46.869
Amaranthus powellii,1,0,5,0,0,0,0,0,0,0,0,1,0,1,0.321,0,0,0,0,0,0,1,1,0,17,1,0,0,1,0,0,2,251.7055988,8.69747,46.869
Thunbergia affinis,0,2,2,0,0,0,1,1,0,0,0,0,0,2,NA,0,1,0,1,0,0,0,0,0,7,0,0,1,0,1,0,2,231.8004902,22.91127,43.581
Solanum chrysotrichum,0,0,0,0,1,0,0,0,0,0,1,0,0,2,0.136,0,0,0,0,0,0,1,1,0,10,0,0,1,1,0,0,9,238.6544173,12.884888,44.654
Drymaria villosa,0,0,0,1,0,0,0,0,0,0,1,0,0,2,0.185,0,0,0,0,0,0,1,1,0,15,1,0,0,1,1,1,0.45,251.836057,38.565214,46.904
Lepidium densiflorum,1,1,1,0,0,0,0,0,0,0,1,0,0,1,0.358,0,0,0,0,0,0,1,0,0,61,1,0,0,1,0,0,0.65,250.8828528,10.484766,46.68
Mentha spicata,0,15,13,0,0,0,1,1,0,1,1,0,0,4,0.246,1,0,1,1,0,0,0,0,0,39,0,1,0,1,1,1,1.3,230.5534978,10.135659,43.372
Trifolium campestre,0,2,2,1,0,0,0,0,0,0,0,1,0,2,0.254,1,1,1,0,0,0,1,0,0,63,1,0,0,1,0,0,0.5,246.0313793,25.503609,45.774
Cabomba furcata,0,2,2,0,0,0,0,0,0,0,0,0,0,0,0.109,0,0,0,0,0,0,0,1,0,16,0,0,1,0,1,0,0.8,280.9944699,93.34543,52.348
Phyllanthus amarus,0,3,3,0,1,0,0,1,0,0,1,0,0,3,0.131,0,0,0,0,0,0,1,1,0,41,0,1,0,1,1,1,1,251.9270243,1.290234,46.93
Pennisetum setaceum,0,4,4,0,0,0,0,0,0,0,0,0,0,0,0.22,0,1,1,0,0,0,0,0,0,22,0,1,0,1,1,1,1.3,256.0562589,9.136491,47.205
Salvia splendens,0,25,19,0,1,0,0,0,0,0,0,0,1,2,0.294,0,0,0,0,0,0,0,1,0,1,0,0,1,1,1,1,6,230.6002828,32.857736,43.381
Trifolium dubium,0,0,0,1,1,0,0,0,1,0,1,0,0,4,0.221,1,1,1,0,0,0,0,1,0,41,1,0,0,1,1,1,0.6,246.0313793,25.503609,45.774
Casuarina glauca,0,3,2,1,1,0,0,1,0,1,0,0,0,4,0.09,0,0,0,0,1,0,0,0,0,2,0,0,1,1,1,1,25,251.9891856,169.544931,46.961
Passiflora edulis,0,17,13,1,1,0,1,1,1,1,1,1,0,8,0.163,0,0,0,0,0,0,1,1,0,27,0,1,0,1,1,1,25,252.2914104,42.892995,47.014
Eucalyptus robusta,1,14,11,1,1,1,0,1,0,1,1,0,0,6,0.192,0,0,0,0,1,0,0,0,0,2,0,0,1,1,1,1,55,253.7385652,71.986783,47.297
Euphorbia davidii,0,0,1,0,0,0,0,0,0,0,0,0,0,0,0.257,0,0,0,0,0,0,1,1,0,6,1,0,0,1,1,1,0.7,251.8247463,43.81515,46.922
Solanum torvum,1,11,9,0,1,0,1,1,0,1,1,1,1,7,0.157,0,0,0,0,0,0,1,1,0,28,0,0,1,1,0,0,6,238.6544173,12.884888,44.654
Tradescantia spathacea,0,18,12,0,1,0,0,0,0,0,1,1,0,3,0.154,0,0,0,0,0,0,1,1,0,5,0,0,1,1,1,1,1,264.6412147,47.934553,49.156
Hydrocotyle verticillata,1,3,4,0,0,0,0,0,0,0,1,0,0,1,0.096,0,1,0,0,0,0,1,1,0,69,0,0,1,1,1,1,0.45,239.1118126,25.592764,44.723
Nymphaea capensis,0,4,4,0,0,0,0,0,0,0,0,0,0,0,NA,0,1,0,0,0,0,0,0,0,13,0,1,0,1,1,1,0.3,280.9895638,69.841712,52.345
Oenothera villosa,1,0,0,0,0,0,0,0,0,0,1,0,0,1,0.287,0,0,0,0,0,0,1,0,0,40,1,0,0,1,1,1,2,253.7687882,36.167,47.261
Salicornia bigelovii,0,0,5,0,0,1,0,1,0,0,0,0,0,2,0.207,0,0,0,0,0,0,1,1,0,27,1,0,0,1,1,1,0.6,251.6042637,5.991021,46.849
Sphaeralcea incana,0,0,1,0,0,0,0,0,0,0,1,0,0,1,0.229,0,0,0,0,0,0,1,0,0,4,0,0,1,1,1,1,0.9,251.7615831,19.120642,46.925
Euphorbia chamaeclada,0,0,0,0,0,0,0,0,0,0,0,0,0,0,NA,0,0,0,0,0,0,0,1,0,1,1,0,0,1,1,1,0.1,251.8247463,43.81515,46.922
Salvia tiliifolia,1,0,1,0,0,0,0,0,0,0,1,0,0,1,0.198,0,0,0,0,0,0,1,1,0,18,0,1,0,1,0,0,2.5,230.6002828,32.857736,43.381
Tradescantia fluminensis,1,13,10,0,1,0,0,0,0,0,1,0,0,2,0.234,0,0,0,0,0,0,0,1,0,6,0,0,1,1,1,1,0.9,264.6412147,47.934553,49.156
Verbena stricta,0,0,1,0,1,0,0,0,0,0,1,0,0,2,0.189,0,0,0,0,0,0,1,0,0,39,0,1,0,1,1,1,1.2,232.0598317,4.32685,43.62
Nicotiana plumbaginifolia,0,0,1,0,0,0,1,0,0,0,1,0,0,2,0.211,0,0,0,0,0,0,1,1,0,8,1,0,0,1,0,0,1,238.7112866,59.825419,44.67
Nasturtium officinale,1,11,10,0,1,0,1,1,0,0,1,0,0,4,0.333,1,1,1,1,0,0,0,1,0,58,0,1,0,1,1,1,2,250.8572165,30.353335,46.674
Plantago indica,0,5,5,0,0,0,0,1,0,0,1,0,0,2,0.263,1,1,1,1,0,0,0,0,0,44,1,0,0,1,1,1,0.6,232.5863435,25.334092,43.696
Diodella teres,1,0,0,0,0,0,0,0,0,0,0,0,0,0,0.266,0,0,0,0,0,0,1,1,0,69,0,1,0,1,0,0,0.9,235.8340251,13.972558,44.172
Ludwigia decurrens,0,0,1,0,0,0,0,0,0,0,1,0,0,1,0.228,0,0,0,0,0,0,1,1,0,32,0,1,0,1,0,0,2,253.8648684,37.735552,47.288
Ludwigia glandulosa,0,1,2,0,0,0,0,0,0,0,0,0,0,0,0.152,0,0,0,0,0,0,1,0,0,15,0,1,0,1,1,1,1,253.8648694,37.735553,47.288
Cuscuta epilinum,1,0,2,0,0,0,0,0,0,0,1,0,0,1,0.121,0,0,1,0,0,0,0,0,0,5,0,1,0,1,1,1,0.55,238.7037948,7.202122,44.673
Cleome rutidosperma var. burmannii,0,0,0,0,0,0,0,0,0,0,0,0,0,0,NA,0,0,0,1,0,0,0,0,0,4,0,1,0,1,0,0,1,251.3847652,60.165334,46.791
Acacia decurrens,0,6,5,1,1,1,1,1,0,1,1,0,0,7,0.146,0,0,0,0,1,0,0,0,0,1,0,0,1,1,1,1,20,249.0357139,24.269077,46.359
Begonia cucullata,1,19,15,0,1,0,1,0,0,0,1,0,0,3,0.197,0,0,0,0,0,0,0,1,0,9,0,0,1,1,1,1,1,250.8282192,38.8427,46.822
Bougainvillea spectabilis,0,22,14,0,1,0,0,0,0,1,1,0,0,3,0.189,0,0,0,0,0,0,0,1,0,3,0,0,1,0,1,0,10,252.6469815,66.889622,47.081
Euphorbia pulcherrima,1,25,18,0,1,0,1,1,1,1,1,1,1,8,0.193,0,0,0,0,0,0,1,1,0,7,0,0,1,1,1,1,4.7,251.8198387,20.98808801,46.921
Caladium bicolor,0,17,12,0,1,0,1,1,0,0,1,1,0,5,0.142,0,0,0,0,0,0,0,1,0,18,0,1,0,1,1,1,0.9,272.4679335,132.132941,50.736
Canna flaccida,0,11,7,0,1,0,1,0,0,0,1,0,0,3,0.229,0,0,0,0,0,0,1,0,0,6,0,1,0,1,1,1,2,264.3323885,76.477392,49.135
Canna indica,0,22,17,1,1,0,0,1,0,0,0,0,0,3,0.201,0,0,0,0,0,0,1,1,0,42,0,1,0,1,1,1,5,264.3323885,76.477392,49.135
Carica papaya,0,17,15,1,1,0,1,1,1,1,1,1,1,9,0.191,0,0,0,0,0,0,1,1,0,12,0,0,1,1,1,1,10,252.4879472,157.978393,47.028
Cenchrus ciliaris,0,0,0,1,1,0,1,1,0,1,1,1,0,7,0.158,1,1,1,1,0,0,0,0,0,59,0,1,0,1,1,1,1.5,256.0558377,6.729829,47.205
Cenchrus echinatus,1,1,1,1,0,0,0,0,0,0,1,0,0,2,0.204,0,0,0,0,0,0,1,1,0,71,1,0,0,1,0,0,1,256.0558377,6.729829,47.205
Chloris gayana,0,0,2,1,1,0,0,0,0,1,1,0,0,4,0.203,0,1,1,0,0,0,0,0,0,43,0,1,0,1,1,1,3,256.1290333,4.805434,47.223
Chrysopogon zizanioides,0,12,11,1,1,0,0,1,0,1,1,1,1,7,0.262,0,0,0,1,0,0,0,0,0,11,0,1,0,0,1,0,3,255.9793726,17.534918,47.19
Cymbopogon citratus,0,15,13,1,1,0,1,1,0,1,1,1,1,8,0.191,0,0,0,1,0,0,0,0,0,2,0,1,0,1,1,1,2,255.93318,0.025506,47.179
Cymbopogon nardus,0,6,6,1,1,0,0,1,0,1,1,0,0,5,0.138,0,1,0,1,0,0,0,0,0,29,0,1,0,1,1,1,2.5,255.9332782,1.676496,47.179
Cynosurus cristatus,0,0,0,1,1,0,0,0,0,1,0,0,0,3,0.154,1,1,1,0,0,0,0,0,0,41,0,1,0,1,1,1,0.8,255.4830583,23.539332,47.08
Cyperus alternifolius,0,12,12,1,1,0,0,0,0,1,1,0,1,5,0.232,0,1,1,0,0,0,0,0,0,33,0,1,0,0,1,0,3,258.2036963,8.954778,47.678
Cyperus esculentus,1,5,6,1,1,1,1,1,1,1,1,0,1,9,0.342,1,1,1,1,0,0,1,1,0,170,0,1,0,1,1,1,1,258.2026346,4.98455,47.677
Cyperus involucratus,1,13,12,0,0,0,0,0,0,0,0,0,0,0,NA,0,1,1,0,0,0,0,0,0,34,0,1,0,1,1,1,1.8,258.2036963,8.954778,47.678
Cyperus prolifer,0,3,3,0,1,0,0,0,0,1,1,0,0,3,0.137,0,1,0,0,0,0,0,0,0,9,0,1,0,1,1,1,1,258.2034684,2.826096,47.678
Cyperus surinamensis,1,0,0,0,0,0,0,0,0,0,0,0,0,0,0.179,0,0,0,0,0,0,1,1,0,49,0,1,0,1,0,0,1.2,258.2036222,8.026058,47.678
Dinebra retroflexa,0,0,0,1,0,0,0,0,0,0,1,0,0,2,0.2,0,1,1,1,0,0,0,0,0,49,1,0,0,1,1,1,1.12,256.1300326,19.564413,47.223
Ehrharta erecta,0,0,2,0,0,0,0,0,0,0,0,0,0,0,0.135,0,1,1,0,0,0,0,0,0,23,0,1,0,1,1,1,1,256.2980062,58.671869,47.293
Eragrostis curvula,0,3,7,1,1,0,1,1,0,0,1,0,0,5,0.27,0,1,0,0,0,0,0,0,0,20,0,1,0,1,1,1,1.8,256.1324118,6.65078,47.223
Etlingera elatior,0,8,7,1,1,0,1,1,0,1,1,0,1,7,0.119,0,0,0,1,0,0,0,0,0,6,0,1,0,1,1,1,6,263.9383803,8.418348,49.082
Holcus lanatus,0,1,2,1,1,0,0,0,0,0,1,1,0,4,0.219,1,1,1,0,0,0,0,0,0,47,0,1,0,1,0,0,1.5,255.4823923,8.283202,47.079
Hordeum bulbosum,0,1,1,1,0,0,1,1,0,0,1,0,0,4,0.287,1,1,1,0,0,0,0,0,0,29,0,1,0,1,1,1,1.451,255.4135937,5.568985,47.067
Lolium multiflorum,1,5,13,1,1,0,0,1,0,0,1,1,0,5,0.271,1,1,1,1,0,0,1,0,0,59,0,1,0,1,0,0,1.3,255.4792007,23.291049,47.079
Lolium perenne,1,11,19,1,1,0,1,1,0,0,1,1,0,6,0.26,1,1,1,1,0,0,0,0,0,66,0,1,0,1,0,0,1.2,255.4792007,23.291049,47.079
Lolium persicum,0,0,0,1,0,0,0,0,0,0,0,0,0,1,0.528,0,1,1,1,0,0,0,0,0,19,0,1,0,1,1,1,0.7,255.4792007,23.291049,47.079
Lolium remotum,0,1,1,0,0,0,0,0,0,0,0,0,0,0,0.128,0,0,0,1,0,0,0,0,0,3,0,1,0,1,1,1,1.11,255.4791997,23.291048,47.079
Lolium temulentum,1,1,7,1,0,0,1,1,0,0,1,1,0,5,0.258,1,1,1,1,0,0,0,0,0,63,1,0,0,1,0,0,1.25,255.4792007,23.291049,47.079
Melinis minutiflora,0,1,2,1,1,0,0,0,0,1,1,0,0,4,0.114,0,1,0,0,0,0,0,0,0,30,0,1,0,1,1,1,1.8,256.0644879,14.498534,47.208
Melinis repens,1,3,3,1,1,0,0,0,0,1,1,0,0,4,0.164,0,1,1,0,0,0,0,0,0,49,0,1,0,1,1,1,1.5,256.0644879,14.498534,47.208
Panicum acuminatum,0,0,0,0,0,0,0,0,0,0,1,0,0,1,0.348,0,0,0,0,0,1,1,1,0,79,0,1,0,1,0,0,1,256.0734279,26.502751,47.21
Panicum dichotomiflorum,0,2,2,0,0,0,1,0,0,0,1,0,0,2,0.301,0,0,0,0,0,0,1,1,0,82,0,1,0,1,1,1,1.8,256.0664298,8.221436,47.209
Panicum maximum,1,4,5,1,0,0,1,1,0,1,1,1,0,6,0.18,0,1,1,0,0,0,0,0,0,52,0,1,0,1,1,1,4.5,256.0625061,12.935401,47.208
Panicum repens,1,6,6,1,1,1,1,0,0,1,1,0,0,6,0.191,1,1,1,1,1,0,0,0,0,90,0,1,0,0,1,0,1.25,256.066356,5.988338,47.209
Parapholis incurva,0,1,1,0,0,0,0,0,0,0,0,0,0,0,0.168,1,1,1,1,0,0,0,0,0,42,1,0,0,1,1,1,0.3,255.4830583,23.539332,47.08
Paspalum dilatatum,1,0,1,1,1,0,0,0,0,0,1,1,0,4,0.261,0,0,0,0,0,0,0,1,0,8,0,1,0,1,1,1,2,256.0888991,5.570464,47.216
Paspalum distichum,1,10,9,1,1,0,1,1,0,0,1,1,0,6,0.28,0,0,0,0,0,0,1,1,0,70,0,1,0,1,1,1,0.6,256.0889639,7.528393,47.216
Paspalum fimbriatum,0,0,0,0,1,0,0,0,0,0,0,0,0,1,0.093,0,0,0,0,0,0,1,1,0,20,0,1,0,1,1,1,1,256.0888991,5.570464,47.216
Paspalum notatum,0,4,11,1,1,0,0,0,0,0,1,0,0,3,0.25,0,0,0,0,0,0,1,1,0,28,0,1,0,1,1,1,1,256.0889335,6.608414,47.216
Paspalum paniculatum,0,0,0,0,1,0,0,0,0,0,1,0,0,2,0.114,0,0,0,0,0,0,1,1,0,44,0,1,0,1,1,1,2.15,256.0889629,7.528392,47.216
Paspalum urvillei,1,0,1,1,0,0,0,0,0,0,1,0,0,2,0.264,0,0,0,0,0,0,0,1,0,11,0,1,0,1,0,0,2.5,256.0888991,5.570464,47.216
Paspalum virgatum,0,0,0,0,1,0,0,0,0,1,0,0,0,2,0.142,0,0,0,0,0,0,1,1,0,38,0,1,0,1,1,1,2.5,256.0888634,4.489124,47.216
Pelexia obliqua,0,0,1,0,0,0,0,0,0,0,0,0,0,0,NA,0,0,0,0,0,0,0,1,0,5,0,1,0,NA,NA,NA,0.35,260.6383084,35.040106,48.487
Pennisetum glaucum,0,11,13,0,0,0,0,0,0,0,0,0,0,0,0.215,0,1,0,0,0,0,0,0,0,14,1,0,0,1,0,0,3,256.0562589,9.136491,47.205
Pennisetum polystachion,1,0,1,0,0,0,0,0,0,0,0,0,0,0,0.06,0,1,1,1,0,0,0,0,0,48,1,0,0,1,0,0,2,256.0564003,9.854264,47.205
Pennisetum purpureum,1,9,10,0,0,0,0,0,0,0,0,0,0,0,0.154,0,1,1,0,0,0,0,0,0,37,0,1,0,1,1,1,8,256.0558377,6.729829,47.205
Phalaris aquatica,0,0,0,1,0,0,0,0,0,0,1,1,0,3,0.185,1,1,1,0,0,0,0,0,0,27,0,1,0,1,1,1,1.5,255.5120015,26.314606,47.088
Phalaris canariensis,0,0,1,1,0,0,0,1,0,1,1,0,0,4,0.246,0,1,0,0,0,0,0,0,0,2,1,0,0,1,0,0,1.2,255.5120025,26.314607,47.088
Phalaris minor,1,0,0,1,0,0,1,1,0,0,1,1,0,5,0.24,1,1,1,1,0,0,0,0,0,48,1,0,0,1,0,0,1.8,255.5120025,26.314607,47.088
Phalaris paradoxa,1,0,0,0,0,0,0,0,0,0,0,0,0,0,0.206,1,1,1,1,0,0,0,0,0,33,1,0,0,1,0,0,1,255.5120025,26.314607,47.088
Phleum pratense,0,4,8,1,1,0,0,0,0,0,1,1,0,4,0.223,1,1,1,1,0,0,0,0,0,62,0,1,0,1,1,1,3.3,255.4392368,1.540246,47.066
Poa compressa,0,2,2,1,1,0,0,0,0,0,0,0,0,2,0.23,1,1,1,0,0,0,0,0,0,42,0,1,0,1,1,1,0.8,255.4082003,0.91229,47.056
Secale cereale,0,2,6,1,1,0,1,1,0,1,1,1,0,7,0.324,1,1,1,0,0,0,0,0,0,15,0,1,0,1,0,0,2,255.4186187,1.613193,47.069
Setaria parviflora,0,2,2,0,0,0,0,0,0,0,1,0,0,1,0.258,0,0,0,0,0,0,1,1,0,89,0,1,0,1,1,1,1.2,256.0561751,6.53404,47.205
Setaria sphacelata,0,0,2,1,1,0,1,1,0,1,1,1,0,7,0.145,0,1,1,0,0,0,0,0,0,45,0,1,0,1,1,1,3,256.0562302,7.366934,47.205
Solanum aculeatissimum,0,6,5,1,1,0,1,1,0,1,1,1,0,7,0.26,0,0,0,0,0,0,0,1,0,3,0,0,1,1,0,0,3,238.6549438,14.152038,44.654
Sorghum bicolor,0,11,29,1,1,1,1,1,0,1,1,1,1,9,0.273,0,1,0,0,0,0,0,0,0,7,0,1,0,1,0,0,6,255.9471356,4.066506,47.182
Sorghum halepense,1,2,2,1,0,0,1,1,0,1,1,1,1,7,0.304,0,1,1,1,0,0,0,0,0,37,0,1,0,1,1,1,3.5,255.9471356,4.066506,47.182
Spartina alterniflora,1,1,1,1,1,0,0,0,0,0,0,0,0,2,0.169,0,0,0,0,0,0,1,1,0,32,0,1,0,1,1,1,3,257.5031875,95.480222,47.555
Spartina anglica,1,0,1,0,1,0,0,0,0,0,0,0,0,1,0.113,1,0,0,0,0,0,0,0,0,7,0,1,0,1,1,1,1.8,257.5031875,95.480222,47.555
Sporobolus pyramidatus,0,0,0,0,0,0,0,0,0,0,1,0,0,1,0.237,0,0,0,0,0,0,1,1,0,56,0,1,0,1,1,1,0.7,256.1370472,20.312508,47.226
Sporobolus tenuissimus,0,1,1,0,1,0,0,0,0,0,0,0,0,1,0.126,0,0,0,0,0,0,1,1,0,25,1,0,0,1,0,0,1,256.1370472,20.312508,47.226
Stenotaphrum secundatum,0,7,6,1,1,0,1,1,0,0,1,0,0,5,0.208,0,1,0,0,0,0,1,1,0,59,0,1,0,1,1,1,0.5,256.0571289,10.363243,47.206
Syngonium podophyllum,0,15,12,0,1,0,0,0,0,0,1,0,0,2,0.297,0,0,0,0,0,0,1,1,0,26,0,1,0,1,1,1,12,272.4679335,132.132941,50.736
Thalia dealbata,0,10,11,0,1,0,0,0,0,0,1,0,0,2,0.234,0,0,0,0,0,0,1,0,0,10,0,1,0,1,1,1,2,264.3251338,47.94097,49.134
Tripsacum dactyloides,0,0,0,1,1,0,1,0,0,0,0,0,0,3,0.267,0,0,0,0,0,0,1,1,0,53,0,1,0,1,1,1,3,256.0306738,29.750193,47.203
Xanthosoma sagittifolium,0,6,5,1,1,0,1,1,0,1,1,1,0,7,0.19,0,0,0,0,0,0,0,1,0,13,0,0,1,0,1,0,3.6,272.4679335,132.132941,50.736
Zea mexicana,0,1,4,1,0,0,1,0,0,0,1,0,0,3,0.254,0,0,0,0,0,0,1,0,0,3,1,0,0,1,0,0,4,256.0306738,29.750193,47.203
